name,v_nom,x,y
Vila_Fria,150,-8.753,41.654
Oleiros,150,-8.497,41.605
Pedralva_150,150,-8.324,41.576
Pedralva_400,400,-8.321,41.578
Frades,150,-8.027,41.687
Fafe,150,-8.202,41.425
Riba_Dave_150,150,-8.388,41.405
Riba_Dave_400,400,-8.392,41.401
Vila_Nova_de_Famalicao,400,-8.613,41.358
Valpacos,220,-7.409,41.677
Vila_Pouca_de_Aguiar,220,-7.622,41.473
Macedo_de_Cavaleiros,220,-6.887,41.501
Mogadouro,220,-6.570,41.338
Pocinho,220,-7.125,41.138
Armamar_400,400,-7.661,41.101
Armamar_220,220,-7.664,41.103
Torrao,220,-8.262,41.094
Carrapatelo,220,-8.129,41.082
Lagoaca_400,400,-6.736,41.218
Lagoaca_220,220,-6.738,41.221
Valdigem_220,220,-7.758,41.138
Valdigem_150,150,-7.758,41.140
Vermoim_400,400,-8.605,41.232
Vermoim_220,220,-8.605,41.229
Custoias,220,-8.648,41.199
Prelada,220,-8.625,41.172
Ermesinde,220,-8.555,41.204
Recarei_400,400,-8.452,41.158
Recarei_220,220,-8.456,41.156
Canelas,220,-8.610,41.069
Feira,400,-8.460,40.960
Estarreja,220,-8.555,40.786
Mourisca,220,-8.463,40.596
Bodiosa,400,-7.993,40.702
Chafariz,220,-7.418,40.633
Vila_Cha,220,-7.739,40.448
Paraimo_400,400,-8.481,40.470
Paraimo_220,220,-8.478,40.467
Tabua,220,-8.013,40.332
Ferro,220,-7.477,40.234
Fundao_400,400,-7.456,40.178
Fundao_220,220,-7.456,40.175
Pereiros,220,-8.420,40.165
Lavos,400,-8.837,40.058
Penela,220,-8.391,39.973
Pombal,220,-8.635,39.919
Batalha,400,-8.790,39.651
Zezere_220,220,-8.327,39.544
Zezere_150,150,-8.328,39.546
Castelo_Branco_220,220,-7.552,39.827
Castelo_Branco_150,150,-7.554,39.829
Falagueira_400,400,-7.740,39.527
Falagueira_150,150,-7.742,39.529
Rio_Maior_400,400,-8.999,39.341
Rio_Maior_220,220,-9.004,39.336
Santarem,220,-8.728,39.246
Carvoeira,220,-9.198,39.079
Estremoz,400,-7.529,38.890
Carregado,220,-8.958,39.013
Fanhoes_400,400,-9.136,38.890
Fanhoes_220,220,-9.139,38.887
Sacavem,220,-9.103,38.785
Carriche,220,-9.166,38.780
Sete_Rios,220,-9.170,38.739
Zambujal,220,-9.213,38.721
Alto_de_Mira_400,400,-9.238,38.779
Alto_de_Mira_220,220,-9.240,38.777
Trajouce,220,-9.331,38.747
Alto_de_Sao_Joao,220,-9.124,38.732
Porto_Alto,150,-8.880,38.898
Palmela_150,150,-8.857,38.571
Palmela_400,400,-8.860,38.575
Alcochete,400,-8.899,38.702
Setubal,150,-8.862,38.536
Fernao_Ferro_400,400,-9.120,38.583
Fernao_Ferro_150,150,-9.121,38.581
Trafaria,150,-9.223,38.665
Divor,400,-7.921,38.634
Evora,150,-7.882,38.555
Alqueva,400,-7.498,38.186
Ferreira_do_Alentejo_400,400,-8.128,38.056
Ferreira_do_Alentejo_150,150,-8.126,38.055
Sines_150,150,-8.761,37.997
Sines_400,400,-8.767,37.999
Ourique,150,-8.190,37.667
Portimao_400,400,-8.514,37.198
Portimao_150,150,-8.518,37.199
Tunes,150,-8.263,37.165
Estoi,150,-7.852,37.084
Tavira_400,400,-7.765,37.344
Tavira_150,150,-7.768,37.345
Pegoes_400,400,-8.605,38.649
Ribatejo,400,-8.951,39.014
Pego,400,-8.114,39.466
CEDILLO_ESP,400,-7.533,39.664
PUEBLA_DE_GUZMAN_ESP,400,-7.503,37.522
BROVALES_ESP,400,-7.110,38.195
Alto_Lindoso,400,-8.208,41.868
CARTELLE_ESP,400,-8.201,41.876
Vieira_do_Minho,400,-8.030,41.670
Ribeira_de_Pena,400,-7.812,41.551
Seixal,220,-9.079,38.630
ALDEADAVILA_220_ESP,220,-6.679,41.208
SAUCELLE_ESP,220,-6.807,41.044
Urro,220,-8.338,41.190
Aguieira,220,-8.200,40.340
Fatela,220,-7.419,40.146
Regua,220,-7.738,41.148
Picote,220,-6.354,41.383
Bemposta_220,220,-6.472,41.302
Miranda,220,-6.266,41.489
Valeira,220,-7.373,41.161
Tapada_do_Outeiro,220,-8.458,41.070
Neves_Corvo,150,-7.977,37.575
Ermidas_Sado,150,-8.412,38.017
Saboia,150,-8.518,37.506
Repsol,150,-8.815,37.982
Artland_Sines,150,-8.818,37.982
Monte_da_Pedra,150,-8.599,38.419
Central_de_Sines,150,-8.804,37.931
Luzianes,150,-8.487,37.575
Quinta_do_Anjo,150,-8.986,38.588
Fogueteiro,150,-9.123,38.617
Fratel,150,-7.803,39.543
Canicada,150,-8.234,41.654
Salamonde_150,150,-8.092,41.690
Salamonde_400,400,-8.091,41.690
Vilarinho_das_Furnas,150,-8.176,41.700
Vila_Nova,150,-8.007,41.702
Central_de_Frades_150,150,-8.028,41.693
Central_de_Frades_400,400,-8.027,41.694
Alto_Rabagao,150,-7.860,41.739
Tabuaco,150,-7.552,41.113
Bouca,150,-8.220,39.854
Cabril,150,-8.132,39.918
Bemposta_400,400,-6.474,41.300
Panoias_400,400,-8.347,37.760
ALDEAVILA_400_ESP,400,-6.678,41.208
Foz_Tua,400,-7.427,41.216
Daivoes,400,-7.862,41.523
Central_de_Lares,400,-8.775,40.124
Aguieira_Pereiros_ramal,220,-8.202,40.335
Mortagua,220,-8.170,40.392
Alto_de_Mira_220_Carriche_ramal,220,-9.240,38.781
Sao_Martinho,220,-7.656,41.082
Armamar_220_Valdigem_220_ramal,220,-7.660,41.105
Castelo_Branco_220_Ferro_ramal,220,-7.399,40.138
Castelo_Branco_220_Fundao_220_ramal,220,-7.399,40.138
Sobral,220,-7.259,40.614
Chafariz_Ferro1_ramal,220,-7.257,40.621
Chafariz_Ferro2_ramal,220,-7.257,40.621
Gouveia,220,-7.655,40.574
Chafariz_Vila_Cha1_ramal,220,-7.641,40.522
Chafariz_Vila_Cha2_ramal,220,-7.641,40.522
Fanhoes_220_Alto_de_Mira_220_ramal,220,-9.171,38.800
Pampilhosa_da_Serra,220,-7.913,40.133
Folques,220,-8.013,40.228
Pampilhosa_da_Serra_Tabua_ramal,220,-8.014,40.227
Paraimo_220_Valdigem_220_ramal,220,-7.681,41.117
Penamacor,220,-7.220,40.240
Senhora_da_Povoa,220,-7.220,40.240
Penamacor_Fundao_220_ramal,220,-7.221,40.239
Pereiros_Rio_Maior2_220_ramal,220,-8.675,39.928
Pereiros_Tabua1_220_ramal,220,-8.241,40.246
Recarei_220_Canelas3_ramal,220,-8.454,41.076
Siderurgia_da_Maia,220,-8.559,41.255
Recarei_220_Custoias_ramal,220,-8.556,41.238
Recarei_220_Vermoim2_220_ramal,220,-8.507,41.226
Tapada_do_Outeiro_Canelas_ramal,220,-8.522,41.045
Valdigem_220_Vermoim_220_ramal,220,-8.507,41.228
Canicada_Fafe_ramal,150,-8.286,41.532
Canicada_Fafe2_ramal,150,-8.234,41.648
Rodao,150,-7.680,39.664
Falagueira_150_Castelo_Branco1_150_ramal,150,-7.715,39.665
Falagueira_150_Castelo_Branco2_150_ramal,150,-7.715,39.665
Pegoes_150,150,-8.641,38.656
Palmela_150_Evora_ramal,150,-8.682,38.605
Lusosider,150,-9.066,38.619
Palmela_150_Fernao_Ferro4_150_ramal,150,-9.061,38.586
Palmela_150_Monte_de_Pedra_ramal,150,-8.684,38.591
Terras_Altas_de_Fafe,150,-8.092,41.508
Vicoso,150,-7.666,37.447
Quinta_Grande,150,-8.514,38.938
Nisa,150,-7.678,39.539
Mendoiro,150,-8.425,42.006
Morgado_de_Arge,150,-8.514,37.197
Gardunha,150,-7.657,40.072
Corgas,150,-7.884,39.807
Vila_Fria_RFN,150,-8.751,41.654
Alcoutim,400,-7.699,37.382
Gouvaes,400,-7.766,41.538
Alto_Tamega,400,-7.729,41.571
Central_do_Alqueva,400,-7.496,38.197
Central_Alto_Lindoso,400,-8.203,41.869
Central_do_Pego,400,-8.111,39.468
Central_do_Ribatejo,400,-8.952,39.012
Moimenta,400,-7.689,40.974
Santas,400,-7.478,38.910
Torre_Bela,400,-8.938,39.183
Vila_Nova_da_Rainha,400,-8.928,39.045
Castelo_de_Bode,220,-8.319,39.543
Central_do_Baixo_Sabor,220,-7.015,41.228
Central_do_Picote,220,-6.351,41.379
Central_do_Carrapatelo,220,-8.131,41.085
Central_do_Pocinho,220,-7.115,41.133
Central_do_Torrao,220,-8.263,41.096
Central_Fotovoltaica_Fundao,220,-7.453,40.182
Escalabis,220,-8.799,39.205
Montenegrelo,220,-7.624,41.472
Nave_da_Mata,220,-7.267,40.133
Sincelo,220,-7.339,40.672
Sakthi,220,-8.600,41.228
