name,bus,vnom,P_total,control,Carrier,Q_total
Agueda_PV,Mourisca,220,28.500,PQ,solar,0.000
Albergaria-a-Velha_HYD,Estarreja,220,2.800,PQ,hydro,1.261
Anadia_FO,Paraimo_220,220,1.400,PQ,fossil,0.763
Arouca_HYD,Feira,400,3.500,PQ,hydro,1.576
Central_de_Cogeracao_de_Cacia_FO,Estarreja,220,2.500,PQ,fossil,1.363
Castelo_de_Paiva_PV,Torrao,220,3.100,PQ,solar,0.000
Espinho_BM,Canelas,220,0.800,PQ,biomass,0.000
Estarreja_PV,Estarreja,220,13.600,PQ,solar,0.000
Santa_Maria_da_Feira_BM,Feira,400,5.100,PQ,biomass,0.000
Ilhavo_BM,Mourisca,220,0.900,PQ,biomass,0.000
Mealhada_PV,Paraimo_220,220,8.800,PQ,solar,0.000
Murtosa_PV,Estarreja,220,1.700,PQ,solar,0.000
Oliveira_de_Azemeis_PV,Estarreja,220,33.700,PQ,solar,0.000
Oliveira_do_Bairro_FO,Paraimo_400,400,6.400,PQ,fossil,3.489
Ovar_FO,Estarreja,220,5.100,PQ,fossil,2.781
Sao_Joao_da_Madeira_PV,Feira,400,7.000,PQ,solar,0.000
Sever_do_Vouga_EOLICA,Estarreja,220,0.800,PQ,wind,0.000
Vagos_PV,Paraimo_220,220,9.700,PQ,solar,0.000
Vale_de_Cambra_PV,Estarreja,220,7.900,PQ,solar,0.000
Aljustrel_HYD,Ferreira_do_Alentejo_150,150,1.600,PQ,hydro,0.720
Almodovar_EOLICA,Neves_Corvo,150,30.400,PQ,wind,0.000
Alvito_HYD,Ferreira_do_Alentejo_150,150,2.500,PQ,hydro,1.126
Barrancos_PV,BROVALES_ESP,400,0.300,PQ,solar,0.000
Beja_HYD,Ferreira_do_Alentejo_150,150,0.700,PQ,hydro,0.315
Castro_Verde_PV,Ourique,150,1.500,PQ,solar,0.000
Cuba_HYD,Ferreira_do_Alentejo_150,150,3.400,PQ,hydro,1.531
Central_Solar_e_Fotovoltaica_Ferreira_Alentejo_PV,Ferreira_do_Alentejo_150,150,83.300,PQ,solar,0.000
Mertola_PV,Tavira_150,150,5.200,PQ,solar,0.000
Moura_PV,Alqueva,400,110.900,PQ,solar,0.000
Odemira_HYD,Luzianes,150,1.400,PQ,hydro,0.630
Central_Solar_Fotovoltaica_Ourika_PV,Ourique,150,89.200,PQ,solar,0.000
Central_Solar_Insua_PV,Ferreira_do_Alentejo_150,150,68.100,PQ,solar,0.000
Vidigueira_PV,Ferreira_do_Alentejo_150,150,2.700,PQ,solar,0.000
Amares_PV,Pedralva_400,400,4.900,PQ,solar,0.000
Barcelos_HYD,Oleiros,150,4.900,PQ,hydro,2.206
Braga_FO,Pedralva_150,150,6.300,PQ,fossil,3.435
Cabeceiras_de_Basto_HYD,Daivoes,400,2.400,PQ,hydro,1.081
Celorico_de_Basto_HYD,Terras_Altas_de_Fafe,150,2.200,PQ,hydro,0.991
Esposende_PV,Vila_Fria,150,7.400,PQ,solar,0.000
Fafe_HYD,Fafe,150,1.200,PQ,hydro,0.540
Guimaraes_HYD,Riba_Dave_150,150,4.800,PQ,hydro,2.161
Povoa_de_Lanhoso_BM,Canicada,150,3.200,PQ,biomass,0.000
Terras_de_Bouro_PV,Pedralva_150,150,0.800,PQ,solar,0.000
Vila_Nova_de_Famalicao_HYD,Riba_Dave_150,150,2.200,PQ,hydro,0.991
Vila_Verde_PV,Oleiros,150,10.600,PQ,solar,0.000
Vizela_PV,Riba_Dave_150,150,5.900,PQ,solar,0.000
Alfandega_da_Fe_PV,Central_do_Baixo_Sabor,220,1.000,PQ,solar,0.000
Braganca_HYD,Macedo_de_Cavaleiros,220,3.600,PQ,hydro,1.621
Central_Hidroeletrica_da_Valeira_HYD,Valeira,220,216.000,PV,hydro,97.265
Freixo_de_Espada_Cinta_PV,SAUCELLE_ESP,220,1.300,PQ,solar,0.000
Parque_Eolico_de_Bornes_EOLICA,Macedo_de_Cavaleiros,220,72.000,PQ,wind,0.000
Mirandela_HYD,Macedo_de_Cavaleiros,220,1.000,PQ,hydro,0.450
Mogadouro_EOLICA,Mogadouro,220,4.000,PQ,wind,0.000
Torre_de_Moncorvo_EOLICA,Pocinho,220,7.600,PQ,wind,0.000
Vila_Flor_PV,Central_do_Baixo_Sabor,220,3.000,PQ,solar,0.000
Vimioso_PV,Miranda,220,1.100,PQ,solar,0.000
Vinhais_PV,Valpacos,220,1.200,PQ,solar,0.000
Parque_Eolico_de_Penamacor_EOLICA,Senhora_da_Povoa,220,134.400,PQ,wind,0.000
Castelo_Branco_EOLICA,Castelo_Branco_220,220,8.000,PQ,wind,0.000
Covilha_Eolica_HYD,Ferro,220,7.300,PQ,hydro,3.287
Fundao_HYD,Fatela,220,10.000,PQ,hydro,4.503
Idanha-a-Nova_HYD,Nave_da_Mata,220,2.500,PQ,hydro,1.126
Parque_Eolico_Pinhal_Interior_EOLICA,Corgas,150,223.600,PQ,wind,0.000
Parque_Eolico_Penamacor_EOLICA,Penamacor,220,143.800,PQ,wind,0.000
Proenca-a-Nova_EOLICA,Corgas,150,12.000,PQ,wind,0.000
Serta_PV,Zezere_150,150,6.500,PQ,solar,0.000
Vila_de_Rei_PV,Bouca,150,1.600,PQ,solar,0.000
Vila_Velha_de_Rodao_PV,Rodao,150,9.900,PQ,solar,0.000
Parque_Eolico_das_Beiras_EOLICA,Folques,220,197.500,PQ,wind,0.000
Cantanhede_PV,Paraimo_220,220,31.300,PQ,solar,0.000
Coimbra_BM,Pereiros,220,6.600,PQ,biomass,0.000
Condeixa-a-Nova_PV,Pereiros,220,6.000,PQ,solar,0.000
Central_Ciclo_Combinado_de_Lares_FO,Central_de_Lares,400,973.900,PV,fossil,530.970
Gois_HYD,Pampilhosa_da_Serra_Tabua_ramal,220,0.500,PQ,hydro,0.225
Lousa_HYD,Pereiros,220,0.400,PQ,hydro,0.180
Mira_PV,Paraimo_400,400,9.700,PQ,solar,0.000
Miranda_do_Corvo_PV,Penela,220,1.700,PQ,solar,0.000
Montemor-o-Velho_PV,Pereiros,220,12.700,PQ,solar,0.000
Oliveira _do_Hospital_HYD,Tabua,220,1.500,PQ,hydro,0.675
Parque_Eolico_Pampilhosa_da_Serra_EOLICA,Pampilhosa_da_Serra,220,118.000,PQ,wind,0.000
Parque_Eolico_Penacova_EOLICA,Paraimo_220,220,46.800,PQ,wind,0.000
Penela_PV,Penela,220,23.100,PQ,solar,0.000
Parque_Fotovoltaico_Quinta_da_Cruz_PV,Lavos,400,40.800,PQ,solar,0.000
Tabua_HYD,Tabua,220,0.800,PQ,hydro,0.360
Vila_Nova_de_Poiares_PV,Pereiros,220,2.400,PQ,solar,0.000
Alandroal_PV,Estremoz,400,42.400,PQ,solar,0.000
Arraiolos_PV,Divor,400,21.800,PQ,solar,0.000
Borba_PV,Estremoz,400,24.200,PQ,solar,0.000
Estremoz_PV,Estremoz,400,29.100,PQ,solar,0.000
Central_Fotovoltaica_Evora_PV,Evora,150,70.100,PQ,solar,0.000
Montemor-o-Novo_PV,Pegoes_150,150,31.700,PQ,solar,0.000
Mora_HYD,Divor,400,1.200,PQ,hydro,0.540
Mourao_PV,Alqueva,400,1.300,PQ,solar,0.000
Portel_PV,Central_do_Alqueva,400,2.100,PQ,solar,0.000
Redondo_PV,Evora,150,1.800,PQ,solar,0.000
Reguengos_de_Monsaraz_PV,Central_do_Alqueva,400,5.800,PQ,solar,0.000
Vendas_Novas_PV,Pegoes_150,150,14.000,PQ,solar,0.000
Viana_do_Alentejo_PV,Evora,150,2.300,PQ,solar,0.000
Vila_Vicosa_PV,Santas,400,2.900,PQ,solar,0.000
Albufeira_PV,Tunes,150,66.600,PQ,solar,0.000
Alcoutim_PV,Vicoso,150,332.200,PQ,solar,0.000
Aljezur_EOLICA,Portimao_150,150,56.200,PQ,wind,0.000
Castro_Marim_PV,Alcoutim,400,2.800,PQ,solar,0.000
Faro_PV,Estoi,150,25.900,PQ,solar,0.000
Lagoa_PV,Morgado_de_Arge,150,8.200,PQ,solar,0.000
Parque_Eolico_Barao_de_Sao_Joao_EOLICA,Portimao_150,150,68.400,PQ,wind,0.000
Loule_BM,Tunes,150,1.200,PQ,biomass,0.000
Monchique_EOLICA,Portimao_150,150,10.000,PQ,wind,0.000
Olhao_PV,Estoi,150,6.100,PQ,solar,0.000
Portimao_BM,Portimao_150,150,2.100,PQ,biomass,0.000
Sao_Bras_de_Alportel_BM,Estoi,150,0.900,PQ,biomass,0.000
Silves_EOLICA,Tunes,150,6.000,PQ,wind,0.000
Tavira_PV,Tavira_150,150,7.800,PQ,solar,0.000
Vila_do_Bispo_PV,Portimao_150,150,1.600,PQ,solar,0.000
Vila_Real_de_Santo_Antonio_PV,Estoi,150,2.500,PQ,solar,0.000
Aguiar_da_Beira_PV,Chafariz,220,3.300,PQ,solar,0.000
Almeida_HYD,Chafariz_Ferro2_ramal,220,0.100,PQ,hydro,0.045
Celorico _da_Beira_EOLICA,Chafariz,220,79.100,PQ,wind,0.000
Figueira_de_Castelo_Rodrigo_HYD,SAUCELLE_ESP,220,10.300,PQ,hydro,4.638
Fornos_de_Algodres_PV,Chafariz,220,0.700,PQ,solar,0.000
Gouveia_PV,Chafariz_Vila_Cha1_ramal,220,2.200,PQ,solar,0.000
Guarda_PV,Sobral,220,8.500,PQ,solar,0.000
Manteigas_HYD,Chafariz_Vila_Cha2_ramal,220,6.800,PQ,hydro,3.062
Meda_HYD,Central_do_Pocinho,220,0.200,PQ,hydro,0.090
Pinhel_HYD,Chafariz,220,7.000,PQ,hydro,3.152
Sabugal_PV,Penamacor,220,10.400,PQ,solar,0.000
Seia_EOLICA,Vila_Cha,220,136.900,PQ,wind,0.000
Parque_Eolico_Pisco_Beira_Interior_Trancoso_EOLICA,Sincelo,220,135.500,PQ,wind,0.000
Vila_Nova_de_Foz_Coa_PV,Central_do_Pocinho,220,1.600,PQ,solar,0.000
Alcobaca_FO,Batalha,400,4.300,PQ,fossil,2.344
Alvaiazere_EOLICA,Penela,220,21.600,PQ,wind,0.000
Ansiao_EOLICA,Penela,220,6.000,PQ,wind,0.000
Batalha_EOLICA,Batalha,400,53.200,PQ,wind,0.000
Bombarral_PV,Rio_Maior_220,220,4.800,PQ,solar,0.000
Caldas_da_Rainha_EOLICA,Rio_Maior_400,400,10.000,PQ,wind,0.000
Castanheira_de_Pera_EOLICA,Penela,220,90.100,PQ,wind,0.000
Figueiro_dos_Vinhos_PV,Bouca,150,1.000,PQ,solar,0.000
Leiria_PV,Batalha,400,95.000,PQ,solar,0.000
Marinha_Grande_PV,Batalha,400,31.300,PQ,solar,0.000
Nazare_EOLICA,Batalha,400,12.000,PQ,wind,0.000
Obidos_PV,Rio_Maior_220,220,7.200,PQ,solar,0.000
Pedrogao_Grande_PV,Penela,220,1.400,PQ,solar,0.000
Peniche_EOLICA,Rio_Maior_220,220,25.700,PQ,wind,0.000
Pombal_BM,Pombal,220,0.100,PQ,biomass,0.000
Porto_de_Mos_PV,Batalha,400,12.700,PQ,solar,0.000
Central_Fotovoltaica_de_Cerca_PV,Vila_Nova_da_Rainha,400,246.600,PQ,solar,0.000
Arruda_dos_Vinhos_EOLICA,Fanhoes_400,400,11.800,PQ,wind,0.000
Central_Fotovoltaica_de_Rio_Maior_PV,Rio_Maior_400,400,283.700,PQ,solar,0.000
Cadaval_BM,Rio_Maior_220,220,3.200,PQ,biomass,0.000
Cascais_BM,Trajouce,220,3.900,PQ,biomass,0.000
Lisboa_BM,Alto_de_Mira_220,220,0.400,PQ,biomass,0.000
Loures_BM,Fanhoes_220,220,53.300,PV,biomass,0.000
Lourinha_EOLICA,Carvoeira,220,57.600,PQ,wind,0.000
Mafra_PV,Carvoeira,220,22.000,PQ,solar,0.000
Oeiras_PV,Zambujal,220,20.200,PQ,solar,0.000
Sintra_PV,Trajouce,220,51.300,PQ,solar,0.000
Sobral_de_Monte_Agraco_PV,Carvoeira,220,2.700,PQ,solar,0.000
Torres_Vedras_PV,Carvoeira,220,29.600,PQ,solar,0.000
Vila_Franca_de_Xira_BM,Carregado,220,2.000,PQ,biomass,0.000
Amadora_FO,Alto_de_Mira_220,220,3.200,PQ,fossil,1.745
Odivelas_PV,Fanhoes_220_Alto_de_Mira_220_ramal,220,5.700,PQ,solar,0.000
Alter_do_Chao_PV,Falagueira_400,400,2.100,PQ,solar,0.000
Arronches_PV,Santas,400,0.300,PQ,solar,0.000
Avis_HYD,Estremoz,400,6.000,PQ,hydro,2.702
Campo_Maior_HYD,Santas,400,0.500,PQ,hydro,0.225
Castelo_de_Vide_PV,Nisa,150,23.700,PQ,solar,0.000
Crato_PV,Falagueira_400,400,0.600,PQ,solar,0.000
Central_Solar_e_Fotovoltaica_ Monte_Falcato_Alcaide_PV,Santas,400,50.100,PQ,solar,0.000
Fronteira_PV,Estremoz,400,7.700,PQ,solar,0.000
Gaviao_PV,Fratel,150,0.500,PQ,solar,0.000
Marvao_PV,Nisa,150,0.400,PQ,solar,0.000
Central_Solar_Fotovoltaica_de_Santas_PV,Santas,400,189.800,PQ,solar,0.000
Centras_Hidroeletrica_Fratel_HYD,Fratel,150,130.000,PV,hydro,58.539
Ponte_de_Sor_HYD,Pego,400,3.200,PQ,hydro,1.441
Portalegre_FO,Nisa,150,1.200,PQ,fossil,0.654
Sousel_PV,Estremoz,400,3.200,PQ,solar,0.000
Amarante_HYD,Fafe,150,3.900,PQ,hydro,1.756
Baiao_HYD,Central_do_Carrapatelo,220,4.000,PQ,hydro,1.801
Felgueiras_HYD,Fafe,150,4.900,PQ,hydro,2.206
Gondomar_BM,Prelada,220,1.800,PQ,biomass,0.000
Lousada_BM,Urro,220,1.500,PQ,biomass,0.000
Maia_BM,Vermoim_220,220,26.800,PQ,biomass,0.000
Central_Hidroeletrica_Torrao_HYD,Central_do_Torrao,220,146.000,PV,hydro,65.744
Matosinhos_BM,Custoias,220,1.200,PQ,biomass,0.000
Pacos_de_Ferreira_PV,Recarei_220,220,26.200,PQ,solar,0.000
Paredes_HYD,Recarei_220,220,4.700,PQ,hydro,2.116
Penafiel_BM,Urro,220,0.800,PQ,biomass,0.000
Porto_FO,Prelada,220,16.400,PQ,fossil,8.941
Povoa_de_Varzim_HYD,Vila_Nova_de_Famalicao,400,0.100,PQ,hydro,0.045
Santo_Tirso_PV,Riba_Dave_150,150,28.600,PQ,solar,0.000
Valongo_PV,Recarei_220,220,14.300,PQ,solar,0.000
Vila_do_Conde_BM,Vila_Nova_de_Famalicao,400,0.800,PQ,biomass,0.000
Vila_Nova_de_Gaia_BM,Canelas,220,2.700,PQ,biomass,0.000
Trofa_PV,Siderurgia_da_Maia,220,20.100,PQ,solar,0.000
Abrantes_BM,Pego,400,0.400,PQ,biomass,0.000
Alcanena_PV,Batalha,400,21.800,PQ,solar,0.000
Almeirim_BM,Santarem,220,1.100,PQ,biomass,0.000
Alpiarca_PV,Santarem,220,6.000,PQ,solar,0.000
Benavente_PV,Porto_Alto,150,28.500,PQ,solar,0.000
Cartaxo_PV,Escalabis,220,24.500,PQ,solar,0.000
Chamusca_BM,Santarem,220,4.800,PQ,biomass,0.000
Constancia_PV,Zezere_220,220,2.000,PQ,solar,0.000
Coruche_PV,Quinta_Grande,150,26.900,PQ,solar,0.000
Entroncamento_FO,Zezere_220,220,3.100,PQ,fossil,1.690
Ferreira_do_Zezere_PV,Bouca,150,5.000,PQ,solar,0.000
Golega_PV,Zezere_220,220,4.500,PQ,solar,0.000
Central_Hidroeletrica_Pracana_e_Belver_HYD,Falagueira_150,150,121.700,PV,hydro,54.802
Rio_Maior_PV,Rio_Maior_220,220,8.200,PQ,solar,0.000
Parque_Solar_Mexeeiro_Gloria_PV,Quinta_Grande,150,55.300,PQ,solar,0.000
Santarem_FO,Santarem,220,1.600,PQ,fossil,0.872
Sardoal_PV,Zezere_220,220,0.600,PQ,solar,0.000
Tomar_PV,Zezere_150,150,22.700,PQ,solar,0.000
Torres_Novas_PV,Zezere_220,220,15.300,PQ,solar,0.000
Vila_Nova_da_Barquinha_PV,Zezere_220,220,1.900,PQ,solar,0.000
Ourem_EOLICA,Batalha,400,22.000,PQ,wind,0.000
Alcacer_do_Sal_HYD,Monte_da_Pedra,150,3.000,PQ,hydro,1.351
Alcochete_PV,Alcochete,400,68.400,PQ,solar,0.000
Almada_FO,Trafaria,150,10.300,PQ,fossil,5.616
Barreiro_BM,Lusosider,150,0.600,PQ,biomass,0.000
Grandola_PV,Ermidas_Sado,150,14.100,PQ,solar,0.000
Moita_PV,Lusosider,150,5.300,PQ,solar,0.000
Montijo_PV,Pegoes_150,150,39.000,PQ,solar,0.000
Palmela_BM,Palmela_400,400,2.300,PQ,biomass,0.000
Santiago_do_Cacée_BM,Ermidas_Sado,150,2.000,PQ,biomass,0.000
Seixal_BM,Fogueteiro,150,4.300,PQ,biomass,0.000
Sesimbra_PV,Fernao_Ferro_150,150,7.500,PQ,solar,0.000
Central_Solar_Fotovoltaica_Algeruz_2_PV,Setubal,150,44.500,PQ,solar,0.000
Central_Solar_Morgavel_PV,Central_de_Sines,150,56.200,PQ,solar,0.000
Arcos_de_Valdevez_EOLICA,Mendoiro,150,13.500,PQ,wind,0.000
Caminha_EOLICA,Vila_Fria_RFN,150,48.900,PQ,wind,0.000
Melgaco_PV,Mendoiro,150,0.900,PQ,solar,0.000
Moncao_PV,Mendoiro,150,4.900,PQ,solar,0.000
Paredes_de_Coura_HYD,Mendoiro,150,4.600,PQ,hydro,2.071
Central_Hidroeletrica_Alto_Lindoso_HYD,Central_Alto_Lindoso,400,652.000,PV,hydro,293.596
Ponte_de_Lima_HYD,Vila_Fria_RFN,150,0.900,PQ,hydro,0.405
Valenca_PV,Mendoiro,150,2.700,PQ,solar,0.000
Viana_do_Castelo_EOLICA,Vila_Fria,150,62.100,PQ,wind,0.000
Vila_Nova_de_Cerveira_HYD,Mendoiro,150,8.700,PQ,hydro,3.918
Alijo_PV,Valeira,220,2.200,PQ,solar,0.000
Boticas_HYD,Alto_Tamega,400,6.400,PQ,hydro,2.882
Chaves_HYD,Valpacos,220,0.600,PQ,hydro,0.270
Mesao_Frio_PV,Valdigem_150,150,0.200,PQ,solar,0.000
Mondim_de_Basto_EOLICA,Daivoes,400,64.200,PQ,wind,0.000
Central_Hidroeletrica_Alto_Rabagao_HYD,Alto_Rabagao,150,90.000,PV,hydro,40.527
Murca_PV,Vila_Pouca_de_Aguiar,220,1.200,PQ,solar,0.000
Peso_da_ Regua_PV,Valdigem_220,220,1.600,PQ,solar,0.000
Central_Hidroeletrica_Daivoes_HYD,Daivoes,400,125.200,PV,hydro,56.378
Sabrosa_PV,Valdigem_220,220,1.100,PQ,solar,0.000
Santa_Marta_de_Penaguiao_PV,Regua,220,0.800,PQ,solar,0.000
Valpacos_HYD,Valpacos,220,21.100,PQ,hydro,9.501
Parque_Eolico_Alto_Coutada_EOLICA,Vila_Pouca_de_Aguiar,220,273.500,PQ,wind,0.000
Vila_Real_PV,Regua,220,8.000,PQ,solar,0.000
Armamar_HYD,Armamar_220,220,0.900,PQ,hydro,0.405
Carregal_do_Sal_PV,Tabua,220,3.200,PQ,solar,0.000
Castro_Daire_HYD,Carrapatelo,220,16.800,PQ,hydro,7.565
Cinfaes_PV,Carrapatelo,220,1.300,PQ,solar,0.000
Lamego_BM,Valdigem_220,220,0.600,PQ,biomass,0.000
Mangualde_HYD,Gouveia,220,2.900,PQ,hydro,1.306
Parque_Eolico_de_Moimenta_EOLICA,Moimenta,400,194.600,PQ,wind,0.000
Mortagua_BM,Mortagua,220,9.000,PQ,biomass,0.000
Nelas_HYD,Vila_Cha,220,0.800,PQ,hydro,0.360
Central_Hidrica_Ribeiradio_HYD,Mourisca,220,74.700,PV,hydro,33.637
Penalva_do_Castelo_PV,Gouveia,220,1.200,PQ,solar,0.000
Penedono_EOLICA,Tabuaco,150,4.000,PQ,wind,0.000
Resende_HYD,Carrapatelo,220,5.600,PQ,hydro,2.522
Santa_Comba_Dao_FO,Mortagua,220,2.000,PQ,fossil,1.090
Sao_Joao_da_Pesqueira_PV,Valeira,220,1.600,PQ,solar,0.000
Parque_Eolico_Candal_Coelheira_EOLICA,Bodiosa,400,51.500,PQ,wind,0.000
Satao_PV,Gouveia,220,3.300,PQ,solar,0.000
Sernancelhe_PV,Moimenta,400,2.000,PQ,solar,0.000
Central_Hidroeletrica_Vilar_Tabuaco_HYD,Tabuaco,150,66.200,PV,hydro,29.810
Tarouca_PV,Valdigem_220,220,1.900,PQ,solar,0.000
Tondela_PV,Tabua,220,16.100,PQ,solar,0.000
Vila_Nova_de_Paiva_PV,Armamar_220,220,1.700,PQ,solar,0.000
Viseu_PV,Bodiosa,400,21.300,PQ,solar,0.000
Vouzela_PV,Bodiosa,400,5.700,PQ,solar,0.000
Central_Termoeletrica_do_Pego_FO,Central_do_Pego,400,845.000,PV,fossil,460.694
Central_Termoeletrica_do_Ribatejo_FO,Central_do_Ribatejo,400,784.000,PV,fossil,427.440
Alenquer_EOLICA,Carvoeira,220,28.000,PQ,wind,0.000
Central_Hidroeletrica_de_Foz_Tua_HYD,Foz_Tua,400,270.000,PV,hydro,121.581
Arganil_HYD,Folques,220,0.800,PQ,hydro,0.360
Aveiro_HYD,Mourisca,220,0.100,PQ,hydro,0.045
Central_Fotovoltaica_de_Famalicao_Gemunde_PV,Vila_Nova_de_Famalicao,400,43.400,PQ,solar,0.000
Belmonte_PV,Senhora_da_Povoa,220,1.000,PQ,solar,0.000
Braga_PV,Pedralva_150,150,46.900,PQ,solar,0.000
Cantanhede_EOLICA,Paraimo_220,220,41.900,PQ,wind,0.000
Carrazeda_de_Ansiaes_PV,Valeira,220,1.500,PQ,solar,0.000
Castelo_Branco_PV,Castelo_Branco_220,220,48.900,PQ,solar,0.000
Parque_Eolico_de_Arada_Montemuro_EOLICA,Carrapatelo,220,114.600,PQ,wind,0.000
Central_Hidroeletrica_do_Carrapatelo_HYD,Central_do_Carrapatelo,220,187.100,PV,hydro,84.251
Central_Fotovoltaica_de_Barcos_Garrido_Antuzede_PV,Pereiros,220,83.600,PQ,solar,0.000
Cinfaes_EOLICA,Carrapatelo,220,241.700,PQ,wind,0.000
Central_Caima_Energia_BM,Zezere_220,220,41.600,PQ,biomass,0.000
Central_Fotovoltaica_Quinta_do_Prazo_Boidobra_PV,Ferro,220,19.400,PQ,solar,0.000
Central_de_Cogeracao_Estarreja_Bamiso_FO,Estarreja,220,14.000,PQ,fossil,7.633
Evora_BM,Evora,150,0.500,PQ,biomass,0.000
Parque_Eolico_Terras_Altas_de_Fafe_EOLICA,Terras_Altas_de_Fafe,150,126.000,PQ,wind,0.000
Navigator_Pulp_Celbi_Mondego_BM,Lavos,400,283.300,PV,biomass,0.000
Figueira_da_Foz_PV,Lavos,400,27.000,PQ,solar,0.000
Parque_Eolico_Serra_da_Boa_Viagem_EOLICA,Lavos,400,6.000,PQ,wind,0.000
Central_Solar_Fotovoltaica_Fundao_PV,Central_Fotovoltaica_Fundao,220,132.100,PQ,solar,0.000
Central_de_Biomassa_do_Fundao_BM,Ferro,220,19.300,PQ,biomass,0.000
Centra_Ciclo_Combinado_Tapada_do_Outeiro_FO,Recarei_220,220,1058.700,PV,fossil,577.203
Central_Hidroelterica_Caldeirao_HYD,Sobral,220,32.300,PQ,hydro,14.545
Parques_Eolicos_Guarda_EOLICA,Sobral,220,66.100,PQ,wind,0.000
Guimaraes_PV,Riba_Dave_150,150,63.600,PQ,solar,0.000
Ilhavo_PV,Mourisca,220,14.300,PQ,solar,0.000
Central_Solar_de_Lagos_PV,Portimao_150,150,48.800,PQ,solar,0.000
Lagos_HYD,Portimao_150,150,0.600,PQ,hydro,0.270
Parques_Eolicos_Lamego_EOLICA,Valdigem_220,220,69.500,PQ,wind,0.000
Central_Hidroeletrica_Varosa_HYD,Valdigem_220,220,24.500,PQ,hydro,11.032
Leiria_BM,Batalha,400,5.000,PQ,biomass,0.000
Lisboa_PV,Alto_de_Mira_220,220,24.400,PQ,solar,0.000
Loule_PV,Tunes,150,31.700,PQ,solar,0.000
Loures_EOLICA,Fanhoes_220,220,56.200,PQ,wind,0.000
Loures_PV,Fanhoes_220,220,43.400,PQ,solar,0.000
Lourinha_PV,Carvoeira,220,9.300,PQ,solar,0.000
Parques_Eolicos_Lousa_EOLICA,Pereiros,220,95.400,PQ,wind,0.000
Macao_PV,Falagueira_150,150,3.900,PQ,solar,0.000
Parque_Eolico_Serra_da_Amendoa_EOLICA,Falagueira_150,150,25.600,PQ,wind,0.000
Macedo_de_Cavaleiros_PV,Macedo_de_Cavaleiros,220,3.200,PQ,solar,0.000
Central_de_Valorizacao_Energetica_Ecoparque_Abrunheira_BM,Carvoeira,220,5.500,PQ,biomass,0.000
Parque_Eolico_Igreja_Nova_EOLICA,Carvoeira,220,25.600,PQ,wind,0.000
Maia_PV,Vermoim_220,220,34.400,PQ,solar,0.000
Marco_de_Canaveses_EOLICA,Carrapatelo,220,3.300,PQ,wind,0.000
Matosinhos_PV,Custoias,220,18.500,PQ,solar,0.000
Parque_Eolico_Baixo_Alentejo_MertolaMertola_EOLICA,Tavira_150,150,43.700,PQ,wind,0.000
Parques_Eolicos_Miranda_do_Corvo_EOLICA,Penela,220,58.600,PQ,wind,0.000
Central_Fotovoltaica_Mogadouro_PV,Mogadouro,220,63.800,PQ,solar,0.000
Central_Hidroeletrica_Bemposta_1_HYD,Bemposta_220,220,238.000,PV,hydro,107.171
Central_Hidroeletrica_Bemposta_2_HYD,Bemposta_400,400,203.000,PV,hydro,91.411
Moimenta_da_Beira_PV,Moimenta,400,4.400,PQ,solar,0.000
Parque_Eolico_de_Montalegre_EOLICA,Frades,150,198.900,PQ,wind,0.000
Central_Hidroeletrica_Venda_Nova_HYD,Vila_Nova,150,120.000,PV,hydro,54.036
Montalegre_PV,Frades,150,1.300,PQ,solar,0.000
Central_Hidroeletrica_Alqueva_HYD,Central_do_Alqueva,400,497.400,PV,hydro,223.979
Parque_Fotovoltaico_Nisa_PV,Nisa,150,50.800,PQ,solar,0.000
Oleiros_PV,Corgas,150,2.900,PQ,solar,0.000
Oliveira_de_Azemeis_HYD,Estarreja,220,1.500,PQ,hydro,0.675
Oliveira _de_Frades_EOLICA,Mourisca,220,2.100,PQ,wind,0.000
Oliveira_do_Bairro_PV,Paraimo_400,400,13.400,PQ,solar,0.000
Ourem_PV,Batalha,400,17.600,PQ,solar,0.000
Ovar_PV,Estarreja,220,24.900,PQ,solar,0.000
Central_Solar_Fotovoltaica_Algeruz_PV,Setubal,150,145.300,PQ,solar,0.000
Pampilhosa_da_Serra_PV,Gardunha,150,0.400,PQ,solar,0.000
Paredes_PV,Recarei_220,220,22.700,PQ,solar,0.000
Central_Hidroeletrica_Bouca_HYD,Bouca,150,50.000,PV,hydro,22.515
Central_Hidroeletrica_Aguieira_Raiva_HYD,Aguieira,220,300.800,PV,hydro,135.450
Penafiel_PV,Urro,220,13.600,PQ,solar,0.000
Central_Solar_Fotovoltaica_Cabeco_Vermelho_PV,Nave_da_Mata,220,81.100,PQ,solar,0.000
Penela_EOLICA,Penela,220,33.700,PQ,wind,0.000
Central_Hidroeletrica_Regua_HYD,Regua,220,156.000,PV,hydro,70.247
Parque_Eolico_Serra_de_Sico_EOLICA,Pombal,220,24.000,PQ,wind,0.000
Central_Solar_Pombal_PV,Pombal,220,49.000,PQ,solar,0.000
Ponte_da_Barca_PV,Alto_Lindoso,400,1.100,PQ,solar,0.000
Central_Fotovoltaica_Morgado_Arge_PV,Morgado_de_Arge,150,57.600,PQ,solar,0.000
Aguas_do_Porto_PV,Prelada,220,14.300,PQ,solar,0.000
Parque_Eolico_Chao_Falcao_Porto_de_Mos_EOLICA,Batalha,400,96.900,PQ,wind,0.000
Porto_de_Mos_BM,Batalha,400,6.500,PQ,biomass,0.000
Central_Hidroeletrica_Senhora_do_Povo_Ponte_Esperanca_HYD,Riba_Dave_150,150,21.600,PQ,hydro,9.726
Parque_Eolico_Lagoa_Dom_Joao_Feirao_EOLICA,Valdigem_220,220,39.800,PQ,wind,0.000
Central_Hidroeletrica_Bragadas_HYD,Gouvaes,400,25.000,PQ,hydro,11.258
Ribeira_de_Pena_EOLICA,Ribeira_de_Pena,400,44.400,PQ,wind,0.000
Parque_Eolico_Serra_Candeeiros_EOLICA,Rio_Maior_220,220,121.000,PQ,wind,0.000
Parque_Eolico_Mosteiro_EOLICA,Penamacor,220,17.800,PQ,wind,0.000
Santa_Maria_da_Feira_PV,Feira,400,44.100,PQ,solar,0.000
Parque_Solar_Escalabis_PV,Escalabis,220,260.100,PQ,solar,0.000
Central_Fotovoltaica_Casa_Nova_PV,Sines_150,150,27.600,PQ,solar,0.000
Santo_Tirso_HYD,Riba_Dave_150,150,5.800,PQ,hydro,2.612
Sao_Bras_de_Alportel_PV,Estoi,150,2.600,PQ,solar,0.000
Sao_Pedro_do_Sul_PV,Bodiosa,400,4.400,PQ,solar,0.000
Sao_Pedro_do_Sul_HYD,Bodiosa,400,20.100,PQ,hydro,9.051
Seia_PV,Vila_Cha,220,7.400,PQ,solar,0.000
Centrais_Hidricas_Seia_HYD,Vila_Cha,220,79.800,PV,hydro,35.934
Seixal_PV,Fogueteiro,150,40.500,PQ,solar,0.000
Serpa_HYD,Ferreira_do_Alentejo_150,150,1.700,PQ,hydro,0.766
Serta_BM,Zezere_150,150,3.300,PQ,biomass,0.000
Central_Hidroeletrica_Cabril_HYD,Cabril,150,98.000,PV,hydro,44.129
Sesimbra_BM,Fernao_Ferro_150,150,0.500,PQ,biomass,0.000
Central_Cogeracao_Biomassa_Setubal_BM,Setubal,150,111.300,PV,biomass,0.000
Setubal_FO,Setubal,150,97.300,PV,fossil,53.048
Sever_do_Vouga_PV,Estarreja,220,4.000,PQ,solar,0.000
Silves_PV,Tunes,150,23.500,PQ,solar,0.000
Sines_Repsol_Polimeros_FO,Repsol,150,194.700,PV,fossil,106.150
Parque_Eolico_Morgavel_EOLICA,Sines_150,150,18.600,PQ,wind,0.000
Sines_Galp_Refinery_Cogen_FO,Artland_Sines,150,114.900,PV,fossil,62.640
Sintra_EOLICA,Trajouce,220,6.000,PQ,wind,0.000
Parque_Eolico_Sobral_Passarinho_Arcela_EOLICA,Carvoeira,220,41.500,PQ,wind,0.000
Soure_EOLICA,Lavos,400,22.000,PQ,wind,0.000
Tabua_PV,Tabua,220,45.000,PQ,solar,0.000
Parque_Eolico_Serra_Chavaes_Sendim_EOLICA,Sao_Martinho,220,253.200,PQ,wind,0.000
Tabuaco_PV,Sao_Martinho,220,0.600,PQ,solar,0.000
Parque_Eolico_Vigia_Testos_EOLICA,Valdigem_220,220,60.400,PQ,wind,0.000
Tarouca_HYD,Valdigem_220,220,6.800,PQ,hydro,3.062
Parque_Eolico_Malharito_EOLICA,Tavira_150,150,66.700,PQ,wind,0.000
Central_Hidroeletrica_Vilarinho_Furnas_HYD,Vilarinho_das_Furnas,150,125.000,PV,hydro,56.287
Central_Hidroeletrica_Canicada_HYD,Canicada,150,63.000,PV,hydro,28.369
Central_Hidroeletrica_Castelo_Bode_HYD,Castelo_de_Bode,220,141.600,PV,hydro,63.762
Parque_Eolico_Alto_Moncao_EOLICA,Paraimo_220,220,29.900,PQ,wind,0.000
Tondela_HYD,Paraimo_220,220,10.600,PQ,hydro,4.773
Torre_de_Moncorvo_PV,Pocinho,220,12.400,PQ,solar,0.000
Central_Hidroeletrica_Baixo_Sabor_HYD,Central_do_Baixo_Sabor,220,189.000,PV,hydro,85.107
Torres_Novas_FO,Zezere_220,220,7.500,PQ,fossil,4.089
Torres_Vedras_FO,Carvoeira,220,11.300,PQ,fossil,6.161
Trancoso_PV,Sincelo,220,2.700,PQ,solar,0.000
Vagos_EOLICA,Paraimo_220,220,3.600,PQ,wind,0.000
Vale_de_Cambra_HYD,Estarreja,220,0.200,PQ,hydro,0.090
Parque_Eolico_Picoto_Sao_Silvestre_EOLICA,Mendoiro,150,292.000,PQ,wind,0.000
Valenca_BM,Mendoiro,150,0.500,PQ,biomass,0.000
Central_Fotovoltaica_Valpacos_PV,Valpacos,220,37.400,PQ,solar,0.000
Viana_Paper_Mill_Power_Plant_BM,Vila_Fria_RFN,150,39.000,PQ,biomass,0.000
Viana_do_Castelo_PV,Vila_Fria,150,19.800,PQ,solar,0.000
Vidigueira_HYD,Ferreira_do_Alentejo_150,150,10.100,PQ,hydro,4.548
Vieira_do_Minho_EOLICA,Frades,150,25.300,PQ,wind,0.000
Vieira_do_Minho_PV,Frades,150,1.800,PQ,solar,0.000
Vila_do_Conde_PV,Vila_Nova_de_Famalicao,400,21.200,PQ,solar,0.000
Vila_Franca_de_Xira_PV,Carregado,220,21.400,PQ,solar,0.000
Vila_Nova_de_Cerveira_PV,Mendoiro,150,3.600,PQ,solar,0.000
Vila_Nova_de_Famalicao_PV,Riba_Dave_150,150,56.900,PQ,solar,0.000
Central_Hidroeletrica_Pocinho_HYD,Central_do_Pocinho,220,173.800,PV,hydro,78.262
Vila_Nova_de_Gaia_PV,Canelas,220,39.000,PQ,solar,0.000
Central_Hidroeletrica_Crestuma_Lever_HYD,Tapada_do_Outeiro,220,105.600,PV,hydro,47.552
Parque_Eolico_Mourisca_Nave_EOLICA,Bodiosa,400,46.000,PQ,wind,0.000
Vila_Nova_de_Paiva_HYD,Armamar_220,220,3.600,PQ,hydro,1.621
Vila_Pouca_de_Aguiar_PV,Vila_Pouca_de_Aguiar,220,3.400,PQ,solar,0.000
Parque_Eolico_Outeiro_EOLICA,Regua,220,55.200,PQ,wind,0.000
Vila_Real_HYD,Regua,220,20.300,PQ,hydro,9.141
Vila_Velha_de_Rodao_EOLICA,Rodao,150,2.000,PQ,wind,0.000
Central_Biomassa_Vila_Velha_de_Rodao_BM,Rodao,150,68.100,PV,biomass,0.000
Vila_do_Bispo_EOLICA,Portimao_150,150,29.900,PQ,wind,0.000
Vinhais_HYD,Valpacos,220,22.400,PQ,hydro,10.087
Viseu_HYD,Bodiosa,400,13.000,PQ,hydro,5.854
Central_Biomassa_Viseu_BM,Bodiosa,400,17.100,PQ,biomass,0.000
Vizela_FO,Riba_Dave_150,150,13.100,PQ,fossil,7.142
Vouzela_HYD,Bodiosa,400,5.700,PQ,hydro,2.567
Parque_Eolico_Caramulo_Guardao_EOLICA,Bodiosa,400,114.000,PQ,wind,0.000
Central_Hidroeletrica_Santa_Luzia_HYD,Gardunha,150,28.600,PQ,hydro,12.879
Abrantes_PV,Pego,400,9.800,PQ,solar,0.000
Albergaria-a-Velha_PV,Estarreja,220,33.100,PQ,solar,0.000
Alcacer_do_Sal_PV,Monte_da_Pedra,150,24.100,PQ,solar,0.000
Alcobaca_PV,Batalha,400,23.900,PQ,solar,0.000
Aljezur_PV,Portimao_150,150,1.800,PQ,solar,0.000
Aljustrel_PV,Ferreira_do_Alentejo_150,150,15.600,PQ,solar,0.000
Almada_PV,Trafaria,150,13.400,PQ,solar,0.000
Almeida_PV,Chafariz_Ferro2_ramal,220,1.600,PQ,solar,0.000
Almeirim_PV,Santarem,220,9.200,PQ,solar,0.000
Almodovar_PV,Neves_Corvo,150,11.300,PQ,solar,0.000
Alvaiazere_PV,Penela,220,0.900,PQ,solar,0.000
Alvito_PV,Ferreira_do_Alentejo_150,150,0.900,PQ,solar,0.000
Amadora_PV,Alto_de_Mira_220,220,9.900,PQ,solar,0.000
Amarante_PV,Fafe,150,7.400,PQ,solar,0.000
Anadia_PV,Paraimo_220,220,11.400,PQ,solar,0.000
Ansiao_PV,Penela,220,3.800,PQ,solar,0.000
Arcos_de_Valdevez_PV,Mendoiro,150,5.300,PQ,solar,0.000
Arganil_PV,Folques,220,3.700,PQ,solar,0.000
Armamar_PV,Armamar_220,220,3.100,PQ,solar,0.000
Arouca_PV,Feira,400,4.400,PQ,solar,0.000
Arruda_dos_Vinhos_PV,Fanhoes_400,400,3.200,PQ,solar,0.000
Aveiro_PV,Mourisca,220,28.900,PQ,solar,0.000
Avis_PV,Estremoz,400,3.100,PQ,solar,0.000
Baiao_PV,Central_do_Carrapatelo,220,1.600,PQ,solar,0.000
Barreiro_PV,Lusosider,150,6.800,PQ,solar,0.000
Batalha_PV,Batalha,400,11.000,PQ,solar,0.000
Beja_PV,Ferreira_do_Alentejo_150,150,34.600,PQ,solar,0.000
Boticas_PV,Alto_Tamega,400,1.700,PQ,solar,0.000
Braganca_PV,Macedo_de_Cavaleiros,220,7.800,PQ,solar,0.000
Cabeceiras_de_Basto_PV,Daivoes,400,2.300,PQ,solar,0.000
Cadaval_PV,Rio_Maior_220,220,6.500,PQ,solar,0.000
Caldas_da_Rainha_PV,Rio_Maior_400,400,13.800,PQ,solar,0.000
Caminha_PV,Vila_Fria_RFN,150,1.800,PQ,solar,0.000
Campo_Maior_PV,Santas,400,3.800,PQ,solar,0.000
Cascais_PV,Trajouce,220,25.700,PQ,solar,0.000
Castanheira_de_Pera_PV,Cabril,150,0.500,PQ,solar,0.000
Castro_Daire_PV,Carrapatelo,220,3.700,PQ,solar,0.000
Celorico _da_Beira_PV,Chafariz,220,3.200,PQ,solar,0.000
Celorico_de_Basto_PV,Terras_Altas_de_Fafe,150,4.300,PQ,solar,0.000
Chamusca_PV,Santarem,220,7.500,PQ,solar,0.000
Chaves_PV,Valpacos,220,7.700,PQ,solar,0.000
Cuba_PV,Ferreira_do_Alentejo_150,150,2.900,PQ,solar,0.000
Entroncamento_PV,Zezere_220,220,3.500,PQ,solar,0.000
Espinho_PV,Canelas,220,3.400,PQ,solar,0.000
Fafe_PV,Fafe,150,12.300,PQ,solar,0.000
Felgueiras_PV,Fafe,150,23.300,PQ,solar,0.000
Figueira_de_Castelo_Rodrigo_PV,SAUCELLE_ESP,220,1.200,PQ,solar,0.000
Gois_PV,Pampilhosa_da_Serra_Tabua_ramal,220,0.300,PQ,solar,0.000
Gondomar_PV,Prelada,220,14.500,PQ,solar,0.000
Idanha-a-Nova_PV,Nave_da_Mata,220,4.000,PQ,solar,0.000
Lamego_PV,Valdigem_220,220,4.500,PQ,solar,0.000
Lousa_PV,Pereiros,220,3.800,PQ,solar,0.000
Lousada_PV,Urro,220,8.800,PQ,solar,0.000
Mangualde_PV,Gouveia,220,5.000,PQ,solar,0.000
Manteigas_PV,Chafariz_Vila_Cha2_ramal,220,0.200,PQ,solar,0.000
Marco_de_Canaveses_PV,Carrapatelo,220,11.600,PQ,solar,0.000
Meda_PV,Central_do_Pocinho,220,0.800,PQ,solar,0.000
Miranda_do_Douro_PV,Miranda,220,1.900,PQ,solar,0.000
Mirandela_PV,Macedo_de_Cavaleiros,220,4.300,PQ,solar,0.000
Monchique_PV,Portimao_150,150,1.300,PQ,solar,0.000
Mondim_de_Basto_PV,Daivoes,400,0.500,PQ,solar,0.000
Mora_PV,Divor,400,1.400,PQ,solar,0.000
Mortagua_PV,Mortagua,220,6.100,PQ,solar,0.000
Nazare_PV,Batalha,400,3.300,PQ,solar,0.000
Nelas_PV,Vila_Cha,220,3.900,PQ,solar,0.000
Odemira_PV,Luzianes,150,12.900,PQ,solar,0.000
Oliveira _de_Frades_PV,Mourisca,220,9.900,PQ,solar,0.000
Oliveira _do_Hospital_PV,Tabua,220,4.500,PQ,solar,0.000
Paredes_de_Coura_PV,Mendoiro,150,2.600,PQ,solar,0.000
Penacova_PV,Paraimo_220,220,2.500,PQ,solar,0.000
Penedono_PV,Tabuaco,150,0.400,PQ,solar,0.000
Peniche_PV,Rio_Maior_220,220,5.900,PQ,solar,0.000
Pinhel_PV,Chafariz,220,2.200,PQ,solar,0.000
Ponte_de_Lima_PV,Vila_Fria_RFN,150,8.300,PQ,solar,0.000
Ponte_de_Sor_PV,Pego,400,5.500,PQ,solar,0.000
Portalegre_PV,Nisa,150,9.200,PQ,solar,0.000
Povoa_de_Lanhoso_PV,Canicada,150,4.800,PQ,solar,0.000
Povoa_de_Varzim_PV,Vila_Nova_de_Famalicao,400,11.800,PQ,solar,0.000
Proenca-a-Nova_PV,Corgas,150,3.500,PQ,solar,0.000
Resende_PV,Carrapatelo,220,1.600,PQ,solar,0.000
Ribeira_de_Pena_PV,Ribeira_de_Pena,400,0.700,PQ,solar,0.000
Santa_Comba_Dao_PV,Mortagua,220,2.400,PQ,solar,0.000
Penamacor_HYD,Penamacor,220,6.000,PQ,hydro,2.702
Alcobaca_EOLICA,Batalha,400,10.000,PQ,wind,0.000
Amarante_EOLICA,Fafe,150,33.800,PQ,wind,0.000
Arouca_EOLICA,Feira,400,41.300,PQ,wind,0.000
Baiao_EOLICA,Central_do_Carrapatelo,220,35.000,PQ,wind,0.000
Boticas_EOLICA,Alto_Tamega,400,55.700,PQ,wind,0.000
Cabeceiras_de_Basto_EOLICA,Daivoes,400,0.800,PQ,wind,0.000
Cadaval_EOLICA,Rio_Maior_220,220,12.000,PQ,wind,0.000
Celorico_de_Basto_EOLICA,Terras_Altas_de_Fafe,150,18.400,PQ,wind,0.000
Chaves_EOLICA,Valpacos,220,3.200,PQ,wind,0.000
Fundao_EOLICA,Fatela,220,135.000,PQ,wind,0.000
Gois_EOLICA,Pampilhosa_da_Serra_Tabua_ramal,220,22.900,PQ,wind,0.000
Mortagua_EOLICA,Mortagua,220,32.000,PQ,wind,0.000
Penafiel_EOLICA,Urro,220,11.400,PQ,wind,0.000
Pinhel_EOLICA,Chafariz,220,92.400,PQ,wind,0.000
Portalegre_EOLICA,Nisa,150,8.200,PQ,wind,0.000
Serta_EOLICA,Zezere_150,150,42.200,PQ,wind,0.000
Torres_Vedras_EOLICA,Carvoeira,220,119.900,PQ,wind,0.000
Vila_Franca_de_Xira_EOLICA,Carregado,220,15.000,PQ,wind,0.000
Vila_Nova_de_Cerveira_EOLICA,Mendoiro,150,12.200,PQ,wind,0.000
Amadora_BM,Alto_de_Mira_220,220,1.700,PQ,biomass,0.000
Avis_BM,Estremoz,400,1.100,PQ,biomass,0.000
Boticas_BM,Alto_Tamega,400,1.000,PQ,biomass,0.000
Celorico_de_Basto_BM,Terras_Altas_de_Fafe,150,1.700,PQ,biomass,0.000
Central_de_Cogeracao_de_Cacia_BM,Estarreja,220,57.100,PV,biomass,0.000
Espinho_FO,Canelas,220,0.700,PQ,fossil,0.382
Guimaraes_BM,Riba_Dave_150,150,1.000,PQ,biomass,0.000
Lagos_BM,Portimao_150,150,0.100,PQ,biomass,0.000
Leiria_FO,Batalha,400,2.300,PQ,fossil,1.254
Lisboa_FO,Alto_de_Mira_220,220,14.500,PQ,fossil,7.905
Loures_FO,Fanhoes_220,220,20.800,PQ,fossil,11.340
Lousa_BM,Pereiros,220,0.300,PQ,biomass,0.000
Maia_FO,Vermoim_220,220,6.300,PQ,fossil,3.435
Mangualde_BM,Gouveia,220,12.600,PQ,biomass,0.000
Matosinhos_FO,Custoias,220,12.500,PQ,fossil,6.815
Mirandela_BM,Macedo_de_Cavaleiros,220,1.000,PQ,biomass,0.000
Oliveira_de_Azemeis_BM,Estarreja,220,10.800,PQ,biomass,0.000
Palmela_FO,Palmela_400,400,2.800,PQ,fossil,1.527
Pombal_FO,Pombal,220,28.000,PQ,fossil,15.266
Portimao_FO,Portimao_150,150,1.600,PQ,fossil,0.872
Porto_de_Mos_FO,Batalha,400,1.000,PQ,fossil,0.545
Santa_Maria_da_Feira_FO,Feira,400,6.100,PQ,fossil,3.326
Santo_Tirso_BM,Riba_Dave_150,150,1.000,PQ,biomass,0.000
Tondela_BM,Paraimo_220,220,3.500,PQ,biomass,0.000
Torres_Novas_BM,Zezere_220,220,0.200,PQ,biomass,0.000
Viana_Paper_Mill_Power_Plant_FO,Vila_Fria_RFN,150,66.100,PV,fossil,36.038
Vila_Franca_de_Xira_FO,Carregado,220,0.500,PQ,fossil,0.273
Vila_Nova_de_Famalicao_BM,Riba_Dave_150,150,14.700,PQ,biomass,0.000
Vila_Real_BM,Regua,220,0.700,PQ,biomass,0.000
Barcelos_FO,Oleiros,150,13.800,PQ,fossil,7.524
Braga_HYD,Pedralva_150,150,4.200,PQ,hydro,1.891
Fafe_FO,Fafe,150,45.000,PQ,fossil,24.534
Guimaraes_FO,Riba_Dave_150,150,38.200,PQ,fossil,20.827
Odemira_FO,Luzianes,150,7.100,PQ,fossil,3.871
Oliveira_de_Azemeis_FO,Estarreja,220,4.000,PQ,fossil,2.181
Santo_Tirso_FO,Riba_Dave_150,150,14.400,PQ,fossil,7.851
Sever_do_Vouga_HYD,Estarreja,220,13.800,PQ,hydro,6.214
Vale_de_Cambra_FO,Estarreja,220,3.400,PQ,fossil,1.854
Vila_Nova_de_Famalicao_FO,Riba_Dave_150,150,24.200,PQ,fossil,13.194
Viseu_FO,Bodiosa,400,4.100,PQ,fossil,2.235
Ilhavo_FO,Mourisca,220,1.400,PQ,fossil,0.763
Barreiro_FO,Lusosider,150,28.200,PQ,fossil,15.375
CEDILLO_ESP_IMPORT,CEDILLO_ESP,400,0.000,PV,import,0.000
PUEBLA_DE_GUZMAN_ESP_IMPORT,PUEBLA_DE_GUZMAN_ESP,400,0.000,PV,import,0.000
BROVALES_ESP_IMPORT,BROVALES_ESP,400,0.000,PV,import,0.000
CARTELLE_ESP_IMPORT,CARTELLE_ESP,400,0.000,PV,import,0.000
ALDEADAVILA_220_ESP_IMPORT,ALDEADAVILA_220_ESP,220,0.000,PV,import,0.000
SAUCELLE_ESP_IMPORT,SAUCELLE_ESP,220,0.000,PV,import,0.000
ALDEAVILA_400_ESP_IMPORT,ALDEAVILA_400_ESP,400,0.000,PV,import,0.000
Central_Hidroeletrica_Salamonde1_HYD,Salamonde_150,150,41.000,PQ,hydro,18.462
Central_Hidroeletrica_Salamonde2_HYD,Salamonde_400,400,222.700,PV,hydro,100.282
Central_Hidroeletrica_Frades1_HYD,Central_de_Frades_150,150,249.700,PV,hydro,112.440
Central_Hidroeletrica_Frades2_HYD,Central_de_Frades_400,400,736.000,PV,hydro,331.421
Central_Hidroeletrica_Alto_Tamega_HYD,Alto_Tamega,400,132.700,PV,hydro,59.775
Central_Hidroeletrica_Gouvaes_HYD,Gouvaes,400,890.300,Slack,hydro,400.902
Central_Hidroeletrica_Picote_HYD,Central_do_Picote,220,433.000,PV,hydro,194.980
Central_Hidroeletrica_Miranda_HYD,Miranda,220,355.700,PV,hydro,160.172
