bus0,bus1,length,x,r,v_nom,name,s_nom_inv,s_nom_prim,s_nom_ver,s_nom_out
Alcochete,Fanhoes_400,53.600000,0.011100,0.000980,400,Alcochete-Fanhoes_400-400-0,1386,1386,1386,1386
Alcochete,Palmela_400,15.900000,0.003080,0.000280,400,Alcochete-Palmela_400-400-1,1386,1386,1386,1386
Fanhoes_400,Alto_de_Mira_400,18.300000,0.003370,0.000330,400,Fanhoes_400-Alto_de_Mira_400-400-2,1386,1386,1386,1386
Fanhoes_400,Pegoes_400,82.800000,0.015560,0.001500,400,Fanhoes_400-Pegoes_400-400-3,1386,1386,1386,1386
Fanhoes_400,Ribatejo,24.600000,0.004790,0.000450,400,Fanhoes_400-Ribatejo-400-4,1386,1386,1386,1386
Fernao_Ferro_400,Ribatejo,83.900000,0.016880,0.001540,400,Fernao_Ferro_400-Ribatejo-400-5,1386,1386,1321,1386
Batalha,Ribatejo,80.900000,0.016820,0.001480,400,Batalha-Ribatejo-400-6,1386,1386,1363,1386
Pego,Rio_Maior_400,81.200000,0.016700,0.001500,400,Pego-Rio_Maior_400-400-7,1386,1386,1386,1386
Lavos,Rio_Maior_400,86.300000,0.018010,0.001560,400,Lavos-Rio_Maior_400-400-8,1386,1386,1386,1386
Palmela_400,Fernao_Ferro_400,28.900000,0.005450,0.000520,400,Palmela_400-Fernao_Ferro_400-400-9,1386,1386,1321,1386
Palmela_400,Pegoes_400,33.400000,0.006750,0.000620,400,Palmela_400-Pegoes_400-400-10,1857,1711,1598,1786
Palmela_400,Sines_400,96.000000,0.020100,0.001800,400,Palmela_400-Sines_400-400-11,1386,1386,1386,1386
Divor,Pegoes_400,69.100000,0.013970,0.001270,400,Divor-Pegoes_400-400-12,1857,1711,1546,1786
Pegoes_400,Sines_400,86.800000,0.017950,0.001620,400,Pegoes_400-Sines_400-400-13,1386,1386,1386,1386
Estremoz,Divor,51.900000,0.010240,0.000930,400,Estremoz-Divor-400-14,1386,1386,1386,1386
Falagueira_400,Estremoz,88.200000,0.017850,0.001630,400,Falagueira_400-Estremoz-400-15,1386,1386,1386,1386
Pego,Falagueira_400,40.900000,0.008540,0.000720,400,Pego-Falagueira_400-400-16,1386,1386,1386,1386
Batalha,Pego,65.900000,0.013590,0.001450,400,Batalha-Pego-400-17,1386,1386,1386,1386
Falagueira_400,CEDILLO_ESP,25.700000,0.005440,0.000520,400,Falagueira_400-CEDILLO_ESP-400-18,1386,1386,1386,1386
Ferreira_do_Alentejo_400,Sines_400,59.400000,0.012380,0.001100,400,Ferreira_do_Alentejo_400-Sines_400-400-19,1386,1386,1361,1386
Alqueva,Ferreira_do_Alentejo_400,64.100000,0.013190,0.001210,400,Alqueva-Ferreira_do_Alentejo_400-400-20,1386,1386,1361,1386
Sines_400,Portimao_400,97.800000,0.019800,0.001880,400,Sines_400-Portimao_400-400-21,1386,1386,1386,1386
Portimao_400,Tavira_400,81.300000,0.015580,0.001480,400,Portimao_400-Tavira_400-400-22,1386,1386,1386,1386
Tavira_400,PUEBLA_DE_GUZMAN_ESP,33.900000,0.011560,0.001280,400,Tavira_400-PUEBLA_DE_GUZMAN_ESP-400-23,1386,1386,1386,1386
Alqueva,BROVALES_ESP,39.900000,0.015850,0.001650,400,Alqueva-BROVALES_ESP-400-24,1386,1386,1280,1386
Falagueira_400,Fundao_400,101.000000,0.019340,0.001820,400,Falagueira_400-Fundao_400-400-25,1857,1711,1581,1786
Batalha,Lavos,52.500000,0.010700,0.000970,400,Batalha-Lavos-400-26,1386,1386,1386,1386
Batalha,Paraimo_400,101.500000,0.021220,0.001880,400,Batalha-Paraimo_400-400-27,1386,1386,1386,1386
Feira,Lavos,111.800000,0.023100,0.002050,400,Feira-Lavos-400-28,1386,1386,1386,1386
Lavos,Paraimo_400,63.700000,0.012260,0.001180,400,Lavos-Paraimo_400-400-29,1386,1386,1386,1386
Bodiosa,Paraimo_400,60.600000,0.012430,0.001350,400,Bodiosa-Paraimo_400-400-30,1386,1386,1386,1386
Recarei_400,Paraimo_400,85.300000,0.017690,0.001540,400,Recarei_400-Paraimo_400-400-31,1386,1386,1386,1386
Recarei_400,Feira,23.300000,0.004860,0.000440,400,Recarei_400-Feira-400-32,1386,1386,1386,1386
Bodiosa,Armamar_400,61.900000,0.011450,0.001300,400,Bodiosa-Armamar_400-400-33,1386,1386,1386,1386
Armamar_400,Recarei_400,74.800000,0.014500,0.001410,400,Armamar_400-Recarei_400-400-34,1706,1571,1499,1641
Armamar_400,Lagoaca_400,87.600000,0.017640,0.001610,400,Armamar_400-Lagoaca_400-400-35,1386,1386,1386,1386
Recarei_400,Vermoim_400,18.900000,0.003540,0.000330,400,Recarei_400-Vermoim_400-400-36,1386,1386,1386,1386
Recarei_400,Vila_Nova_de_Famalicao,46.400000,0.008770,0.000830,400,Recarei_400-Vila_Nova_de_Famalicao-400-37,1386,1386,1386,1386
Vermoim_400,Vila_Nova_de_Famalicao,37.000000,0.006980,0.000670,400,Vermoim_400-Vila_Nova_de_Famalicao-400-38,1386,1386,1386,1386
Riba_Dave_400,Recarei_400,29.400000,0.006160,0.000540,400,Riba_Dave_400-Recarei_400-400-39,1857,1711,1631,1786
Riba_Dave_400,Recarei_400,34.100000,0.007190,0.000600,400,Riba_Dave_400-Recarei_400-400-40,1639,1462,1363,1553
Pedralva_400,Vila_Nova_de_Famalicao,82.500000,0.016070,0.001510,400,Pedralva_400-Vila_Nova_de_Famalicao-400-41,1857,1711,1631,1786
Pedralva_400,Riba_Dave_400,21.200000,0.004420,0.000390,400,Pedralva_400-Riba_Dave_400-400-42,1857,1711,1631,1786
Alto_Lindoso,Riba_Dave_400,59.600000,0.012450,0.001100,400,Alto_Lindoso-Riba_Dave_400-400-43,1856,1711,1631,1786
Alto_Lindoso,Pedralva_400,39.100000,0.008170,0.000730,400,Alto_Lindoso-Pedralva_400-400-44,1386,1386,1386,1386
Alto_Lindoso,CARTELLE_ESP,1.100000,0.009520,0.000900,400,Alto_Lindoso-CARTELLE_ESP-400-45,1750,1610,1500,1540
Alto_Lindoso,CARTELLE_ESP,1.100000,0.009520,0.000900,400,Alto_Lindoso-CARTELLE_ESP-400-46,1750,1610,1500,1540
Vieira_do_Minho,Pedralva_400,33.000000,0.005340,0.000580,400,Vieira_do_Minho-Pedralva_400-400-47,1386,1386,1386,1386
Vieira_do_Minho,Pedralva_400,33.500000,0.005780,0.000550,400,Vieira_do_Minho-Pedralva_400-400-48,1386,1386,1386,1386
Ribeira_de_Pena,Vieira_do_Minho,26.500000,0.005010,0.000480,400,Ribeira_de_Pena-Vieira_do_Minho-400-49,1857,1711,1631,1786
Ribeira_de_Pena,Vieira_do_Minho,26.500000,0.005010,0.000480,400,Ribeira_de_Pena-Vieira_do_Minho-400-50,1857,1711,1631,1786
Alto_de_Sao_Joao,Sacavem,10.400000,0.003820,0.001680,220,Alto_de_Sao_Joao-Sacavem-220-51,493,493,493,493
Alto_de_Sao_Joao,Fanhoes_220,23.800000,0.014140,0.003860,220,Alto_de_Sao_Joao-Fanhoes_220-220-52,435,400,382,418
Fanhoes_220,Sacavem,21.500000,0.017620,0.003330,220,Fanhoes_220-Sacavem-220-53,322,322,322,322
Carregado,Sacavem,30.700000,0.025680,0.004820,220,Carregado-Sacavem-220-54,322,322,322,322
Carregado,Sacavem,31.800000,0.026030,0.004940,220,Carregado-Sacavem-220-55,322,322,322,322
Carregado,Fanhoes_220,25.400000,0.022210,0.004090,220,Carregado-Fanhoes_220-220-56,435,400,381,418
Fanhoes_220,Carriche,15.800000,0.013770,0.002520,220,Fanhoes_220-Carriche-220-57,381,381,381,381
Fanhoes_220,Carriche,19.500000,0.166300,0.003110,220,Fanhoes_220-Carriche-220-58,381,381,381,381
Fanhoes_220,Fanhoes_220_Alto_de_Mira_220_ramal,11.600000,0.009575,0.001808,220,Fanhoes_220-Fanhoes_220_Alto_de_Mira_220_ramal-220-59,435,400,382,418
Fanhoes_220,Trajouce,27.000000,0.014190,0.001620,220,Fanhoes_220-Trajouce-220-60,762,762,762,762
Carvoeira,Trajouce,46.000000,0.040080,0.007190,220,Carvoeira-Trajouce-220-61,435,400,382,418
Carregado,Santarem,34.800000,0.030200,0.005500,220,Carregado-Santarem-220-62,402,364,333,383
Carregado,Santarem,34.800000,0.030200,0.005500,220,Carregado-Santarem-220-63,402,364,333,383
Carregado,Rio_Maior_220,40.200000,0.035100,0.006500,220,Carregado-Rio_Maior_220-220-64,435,400,382,418
Carregado,Rio_Maior_220,38.800000,0.031390,0.006080,220,Carregado-Rio_Maior_220-220-65,435,400,382,418
Carregado,Seixal,56.800000,0.048880,0.009130,220,Carregado-Seixal-220-66,402,364,352,383
Carriche,Alto_de_Mira_220_Carriche_ramal,7.540000,0.006202,0.001179,220,Carriche-Alto_de_Mira_220_Carriche_ramal-220-67,381,381,381,381
Carriche,Sete_Rios,7.800000,0.001770,0.000490,220,Carriche-Sete_Rios-220-68,364,364,364,364
Alto_de_Mira_220,Sete_Rios,11.600000,0.005840,0.001210,220,Alto_de_Mira_220-Sete_Rios-220-69,364,364,364,364
Alto_de_Mira_220,Sete_Rios,12.600000,0.004800,0.002100,220,Alto_de_Mira_220-Sete_Rios-220-70,493,493,493,493
Alto_de_Mira_220,Zambujal,11.100000,0.003210,0.001130,220,Alto_de_Mira_220-Zambujal-220-71,446,446,446,446
Alto_de_Mira_220,Zambujal,11.100000,0.003200,0.001130,220,Alto_de_Mira_220-Zambujal-220-72,446,446,446,446
Rio_Maior_220,Carvoeira,37.200000,0.031000,0.005340,220,Rio_Maior_220-Carvoeira-220-73,435,400,382,418
Rio_Maior_220,Pereiros_Rio_Maior2_220_ramal,73.530000,0.065638,0.011788,220,Rio_Maior_220-Pereiros_Rio_Maior2_220_ramal-220-74,435,400,382,418
Santarem,Zezere_220,52.300000,0.045850,0.008360,220,Santarem-Zezere_220-220-75,402,364,333,383
Santarem,Zezere_220,52.300000,0.045850,0.008360,220,Santarem-Zezere_220-220-76,402,364,333,383
Penela,Zezere_220,48.900000,0.042660,0.007920,220,Penela-Zezere_220-220-77,402,364,333,383
Penela,Zezere_220,48.900000,0.042660,0.007920,220,Penela-Zezere_220-220-78,402,364,333,383
Pereiros,Penela,22.200000,0.010060,0.001830,220,Pereiros-Penela-220-79,762,727,684,762
Penela,Tabua,66.300000,0.058090,0.010590,220,Penela-Tabua-220-80,435,400,382,418
Penela,Tabua,66.300000,0.058090,0.010590,220,Penela-Tabua-220-81,435,400,382,418
Tabua,Pereiros_Tabua1_220_ramal,22.090000,0.019628,0.003531,220,Tabua-Pereiros_Tabua1_220_ramal-220-82,435,400,382,418
Pereiros,Tabua,41.100000,0.036470,0.006580,220,Pereiros-Tabua-220-83,435,400,382,418
Vila_Cha,Tabua,28.000000,0.024930,0.004480,220,Vila_Cha-Tabua-220-84,435,400,382,418
Vila_Cha,Tabua,28.000000,0.024940,0.004480,220,Vila_Cha-Tabua-220-85,435,400,382,418
Chafariz,Chafariz_Vila_Cha2_ramal,22.880000,0.020022,0.003600,220,Chafariz-Chafariz_Vila_Cha2_ramal-220-86,381,381,381,381
Chafariz,Chafariz_Vila_Cha1_ramal,22.760000,0.020247,0.003622,220,Chafariz-Chafariz_Vila_Cha1_ramal-220-87,381,381,381,381
Ferro,Chafariz_Ferro1_ramal,54.530000,0.043388,0.007368,220,Ferro-Chafariz_Ferro1_ramal-220-88,381,381,381,381
Ferro,Chafariz_Ferro2_ramal,54.480000,0.043381,0.007364,220,Ferro-Chafariz_Ferro2_ramal-220-89,381,381,381,381
Fundao_220,Ferro,12.100000,0.010580,0.001990,220,Fundao_220-Ferro-220-90,381,381,370,381
Fundao_220,Ferro,10.100000,0.008300,0.001600,220,Fundao_220-Ferro-220-91,381,381,370,381
Castelo_Branco_220,Castelo_Branco_220_Ferro_ramal,41.840000,0.034204,0.006606,220,Castelo_Branco_220-Castelo_Branco_220_Ferro_ramal-220-92,381,381,370,381
Pocinho,Chafariz,61.900000,0.055180,0.009850,220,Pocinho-Chafariz-220-93,381,364,333,381
Pocinho,Chafariz,61.800000,0.054430,0.009830,220,Pocinho-Chafariz-220-94,381,364,333,381
Pocinho,Armamar_220,54.700000,0.048430,0.008740,220,Pocinho-Armamar_220-220-95,435,400,374,418
Pocinho,ALDEADAVILA_220_ESP,41.100000,0.035840,0.006300,220,Pocinho-ALDEADAVILA_220_ESP-220-96,435,400,374,418
Pocinho,ALDEADAVILA_220_ESP,41.400000,0.036260,0.006360,220,Pocinho-ALDEADAVILA_220_ESP-220-97,435,400,374,418
Pocinho,SAUCELLE_ESP,30.200000,0.026700,0.004810,220,Pocinho-SAUCELLE_ESP-220-98,430,390,360,418
Armamar_220,Carrapatelo,45.900000,0.037530,0.007110,220,Armamar_220-Carrapatelo-220-99,435,400,382,418
Armamar_220,Carrapatelo,56.000000,0.037600,0.007110,220,Armamar_220-Carrapatelo-220-100,435,400,382,418
Custoias,Prelada,6.600000,0.005450,0.000780,220,Custoias-Prelada-220-101,472,426,401,450
Vermoim_220,Prelada,7.000000,0.005720,0.000840,220,Vermoim_220-Prelada-220-102,472,426,401,450
Vermoim_220,Prelada,10.700000,0.003860,0.001700,220,Vermoim_220-Prelada-220-103,493,493,493,493
Vermoim_220,Custoias,10.400000,0.008450,0.001450,220,Vermoim_220-Custoias-220-104,381,381,381,381
Vermoim_220,Custoias,6.500000,0.005460,0.000780,220,Vermoim_220-Custoias-220-105,381,381,381,381
Valdigem_220,Valdigem_220_Vermoim_220_ramal,65.510000,0.040798,0.003898,220,Valdigem_220-Valdigem_220_Vermoim_220_ramal-220-106,381,381,381,381
Paraimo_220,Pereiros,43.000000,0.037210,0.006910,220,Paraimo_220-Pereiros-220-107,381,364,342,381
Paraimo_220,Pereiros,43.000000,0.037250,0.006870,220,Paraimo_220-Pereiros-220-108,381,364,342,381
Mourisca,Paraimo_220,22.000000,0.018890,0.003500,220,Mourisca-Paraimo_220-220-109,381,381,381,381
Mourisca,Paraimo_220,22.600000,0.018870,0.003520,220,Mourisca-Paraimo_220-220-110,381,364,342,381
Estarreja,Mourisca,24.900000,0.021390,0.003960,220,Estarreja-Mourisca-220-111,381,364,342,381
Carrapatelo,Mourisca,69.500000,0.057390,0.011010,220,Carrapatelo-Mourisca-220-112,381,381,381,381
Carrapatelo,Estarreja,50.900000,0.041460,0.008040,220,Carrapatelo-Estarreja-220-113,381,381,381,381
Carrapatelo,Estarreja,50.700000,0.030800,0.003110,220,Carrapatelo-Estarreja-220-114,1021,941,897,982
Carrapatelo,Torrao,12.800000,0.010970,0.002040,220,Carrapatelo-Torrao-220-115,381,381,381,381
Valdigem_220,Carrapatelo,33.400000,0.028860,0.005240,220,Valdigem_220-Carrapatelo-220-116,381,381,381,381
Torrao,Recarei_220,20.800000,0.017640,0.003510,220,Torrao-Recarei_220-220-117,381,381,381,381
Recarei_220,Recarei_220_Vermoim2_220_ramal,10.350000,0.006372,0.000604,220,Recarei_220-Recarei_220_Vermoim2_220_ramal-220-118,762,762,762,762
Recarei_220,Vermoim_220,20.200000,0.016600,0.003180,220,Recarei_220-Vermoim_220-220-119,381,381,381,381
Recarei_220,Recarei_220_Custoias_ramal,16.120000,0.013062,0.002425,220,Recarei_220-Recarei_220_Custoias_ramal-220-120,381,381,381,381
Recarei_220,Canelas,21.400000,0.008720,0.001690,220,Recarei_220-Canelas-220-121,381,381,381,381
Canelas,Recarei_220_Canelas3_ramal,17.680000,0.009341,0.000700,220,Canelas-Recarei_220_Canelas3_ramal-220-122,1200,1200,1200,1200
Valdigem_220,Recarei_220,65.000000,0.053880,0.010280,220,Valdigem_220-Recarei_220-220-123,381,381,381,381
Recarei_220,Urro,15.700000,0.012990,0.002490,220,Recarei_220-Urro-220-124,381,381,381,381
Valdigem_220,Urro,50.000000,0.041530,0.007890,220,Valdigem_220-Urro-220-125,435,400,382,418
Rio_Maior_400,Alto_de_Mira_400,69.300000,0.014190,0.001290,400,Rio_Maior_400-Alto_de_Mira_400-400-126,1386,1386,1386,1386
Alto_de_Mira_400,Ribatejo,40.200000,0.007670,0.000740,400,Alto_de_Mira_400-Ribatejo-400-127,1386,1386,1386,1386
Fanhoes_220,Sacavem,15.100000,0.011310,0.002270,220,Fanhoes_220-Sacavem-220-128,322,322,322,322
Carregado,Rio_Maior_220,38.800000,0.031390,0.006080,220,Carregado-Rio_Maior_220-220-129,435,400,382,418
Pereiros,Rio_Maior_220,106.800000,0.091850,0.016960,220,Pereiros-Rio_Maior_220-220-130,435,400,382,418
Pereiros,Aguieira_Pereiros_ramal,29.690000,0.025742,0.004730,220,Pereiros-Aguieira_Pereiros_ramal-220-131,297,237,199,269
Aguieira,Pereiros,30.400000,0.026340,0.004840,220,Aguieira-Pereiros-220-132,297,237,199,269
Paraimo_220,Paraimo_220_Valdigem_220_ramal,119.340000,0.077420,0.008608,220,Paraimo_220-Paraimo_220_Valdigem_220_ramal-220-133,762,762,762,762
Regua,Valdigem_220,2.100000,0.001820,0.000340,220,Regua-Valdigem_220-220-134,297,237,199,269
Vila_Pouca_de_Aguiar,Valdigem_220,45.000000,0.039300,0.007200,220,Vila_Pouca_de_Aguiar-Valdigem_220-220-135,435,400,382,418
Vila_Pouca_de_Aguiar,Valdigem_220,45.000000,0.039300,0.007200,220,Vila_Pouca_de_Aguiar-Valdigem_220-220-136,435,400,382,418
Valpacos,Vila_Pouca_de_Aguiar,34.200000,0.023100,0.002100,220,Valpacos-Vila_Pouca_de_Aguiar-220-137,762,762,762,762
Valpacos,Vila_Pouca_de_Aguiar,34.200000,0.023100,0.002100,220,Valpacos-Vila_Pouca_de_Aguiar-220-138,762,762,762,762
Macedo_de_Cavaleiros,Valpacos,52.600000,0.034610,0.003230,220,Macedo_de_Cavaleiros-Valpacos-220-139,762,762,762,762
Lagoaca_220,Macedo_de_Cavaleiros,45.600000,0.039320,0.007280,220,Lagoaca_220-Macedo_de_Cavaleiros-220-140,435,400,374,418
Picote,Lagoaca_220,39.500000,0.035140,0.006310,220,Picote-Lagoaca_220-220-141,435,400,374,418
Picote,Lagoaca_220,46.100000,0.038980,0.006360,220,Picote-Lagoaca_220-220-142,435,400,374,418
Bemposta_220,Lagoaca_220,26.100000,0.023160,0.004170,220,Bemposta_220-Lagoaca_220-220-143,435,400,374,418
Bemposta_220,Lagoaca_220,26.200000,0.022950,0.004150,220,Bemposta_220-Lagoaca_220-220-144,435,400,374,418
Picote,Bemposta_220,19.400000,0.017220,0.003090,220,Picote-Bemposta_220-220-145,435,400,374,418
Miranda,Picote,14.900000,0.013120,0.002370,220,Miranda-Picote-220-146,229,229,182,229
Miranda,Picote,15.500000,0.012960,0.001890,220,Miranda-Picote-220-147,229,229,229,229
Picote,Mogadouro,25.700000,0.021580,0.004120,220,Picote-Mogadouro-220-148,381,381,374,381
Mogadouro,Valeira,74.100000,0.066880,0.011930,220,Mogadouro-Valeira-220-149,381,381,374,381
Valeira,Armamar_220,29.400000,0.025480,0.004840,220,Valeira-Armamar_220-220-150,435,400,382,418
Valeira,Armamar_220,29.500000,0.025470,0.004840,220,Valeira-Armamar_220-220-151,435,400,382,418
Valdigem_220,Armamar_220_Valdigem_220_ramal,12.360000,0.008214,0.000742,220,Valdigem_220-Armamar_220_Valdigem_220_ramal-220-152,762,762,750,762
Tapada_do_Outeiro,Recarei_220,10.400000,0.005830,0.000420,220,Tapada_do_Outeiro-Recarei_220-220-153,1200,1200,1200,1200
Canelas,Tapada_do_Outeiro_Canelas_ramal,9.370000,0.004969,0.000371,220,Canelas-Tapada_do_Outeiro_Canelas_ramal-220-154,1200,1200,1200,1200
Estoi,Tavira_150,35.100000,0.061350,0.011850,150,Estoi-Tavira_150-150-155,260,260,255,260
Estoi,Tavira_150,35.100000,0.061350,0.011850,150,Estoi-Tavira_150-150-156,260,260,255,260
Estoi,Tavira_150,42.700000,0.074750,0.015800,150,Estoi-Tavira_150-150-157,260,260,255,260
Tunes,Tavira_150,68.700000,0.120130,0.023340,150,Tunes-Tavira_150-150-158,260,260,255,260
Ourique,Tavira_150,68.700000,0.062380,0.013250,150,Ourique-Tavira_150-150-159,411,372,337,392
Tunes,Estoi,49.800000,0.087710,0.019530,150,Tunes-Estoi-150-160,222,204,195,214
Ourique,Tunes,61.600000,0.105530,0.028230,150,Ourique-Tunes-150-161,222,204,189,214
Ourique,Ferreira_do_Alentejo_150,76.200000,0.101630,0.009860,150,Ourique-Ferreira_do_Alentejo_150-150-162,260,260,260,260
Sines_150,Ourique,63.400000,0.109320,0.021540,150,Sines_150-Ourique-150-163,260,248,224,260
Sines_150,Ourique,63.400000,0.109320,0.021540,150,Sines_150-Ourique-150-164,260,248,224,260
Ourique,Neves_Corvo,22.000000,0.041160,0.012120,150,Ourique-Neves_Corvo-150-165,130,123,81,130
Ermidas_Sado,Ferreira_do_Alentejo_150,26.000000,0.047610,0.007770,150,Ermidas_Sado-Ferreira_do_Alentejo_150-150-166,260,260,260,260
Ferreira_do_Alentejo_150,Evora,61.300000,0.111680,0.020980,150,Ferreira_do_Alentejo_150-Evora-150-167,260,248,218,260
Sines_150,Ermidas_Sado,32.600000,0.059680,0.009740,150,Sines_150-Ermidas_Sado-150-168,260,260,260,260
Portimao_150,Tunes,27.900000,0.049100,0.015040,150,Portimao_150-Tunes-150-169,222,204,195,214
Portimao_150,Tunes,27.900000,0.049450,0.015150,150,Portimao_150-Tunes-150-170,222,204,195,214
Portimao_150,Tunes,42.800000,0.057650,0.005510,150,Portimao_150-Tunes-150-171,260,260,260,260
Saboia,Portimao_150,35.200000,0.062750,0.019210,150,Saboia-Portimao_150-150-172,222,204,195,214
Sines_150,Portimao_150,95.600000,0.171720,0.052510,150,Sines_150-Portimao_150-150-173,222,204,195,214
Sines_150,Repsol,4.900000,0.008860,0.001710,150,Sines_150-Repsol-150-174,296,273,260,285
Sines_150,Repsol,5.100000,0.009040,0.001750,150,Sines_150-Repsol-150-175,296,273,260,285
Sines_150,Artland_Sines,5.400000,0.009540,0.001840,150,Sines_150-Artland_Sines-150-176,130,130,130,130
Sines_150,Artland_Sines,5.500000,0.009740,0.001870,150,Sines_150-Artland_Sines-150-177,130,130,130,130
Sines_150,Saboia,60.700000,0.109150,0.033350,150,Sines_150-Saboia-150-178,222,204,195,214
Monte_da_Pedra,Sines_150,50.500000,0.095760,0.027010,150,Monte_da_Pedra-Sines_150-150-179,222,204,1191,214
Central_de_Sines,Sines_150,5.900000,0.010550,0.002010,150,Central_de_Sines-Sines_150-150-180,262,262,260,262
Monte_da_Pedra,Palmela_150_Monte_de_Pedra_ramal,23.240000,0.042641,0.012535,150,Monte_da_Pedra-Palmela_150_Monte_de_Pedra_ramal-150-181,222,204,191,214
Evora,Palmela_150_Evora_ramal,80.180000,0.149472,0.043949,150,Evora-Palmela_150_Evora_ramal-150-182,222,204,185,214
Palmela_150,Fernao_Ferro_150,23.100000,0.040490,0.007880,150,Palmela_150-Fernao_Ferro_150-150-183,260,260,255,260
Palmela_150,Fernao_Ferro_150,23.100000,0.040490,0.007880,150,Palmela_150-Fernao_Ferro_150-150-184,260,260,255,260
Palmela_150,Palmela_150_Fernao_Ferro4_150_ramal,19.130000,0.032983,0.064262,150,Palmela_150-Palmela_150_Fernao_Ferro4_150_ramal-150-185,260,260,255,260
Porto_Alto,Palmela_150,36.500000,0.069300,0.020100,150,Porto_Alto-Palmela_150-150-186,222,204,191,214
Porto_Alto,Palmela_150,36.700000,0.069300,0.020400,150,Porto_Alto-Palmela_150-150-187,222,204,191,214
Palmela_150,Quinta_do_Anjo,12.000000,0.020920,0.004080,150,Palmela_150-Quinta_do_Anjo-150-188,260,260,255,260
Palmela_150,Setubal,4.300000,0.007870,0.001460,150,Palmela_150-Setubal-150-189,260,260,255,260
Palmela_150,Setubal,4.200000,0.007690,0.001460,150,Palmela_150-Setubal-150-190,260,260,255,260
Palmela_150,Setubal,4.100000,0.007610,0.001420,150,Palmela_150-Setubal-150-191,260,260,255,260
Fernao_Ferro_150,Quinta_do_Anjo,12.200000,0.021630,0.004220,150,Fernao_Ferro_150-Quinta_do_Anjo-150-192,260,260,260,260
Fernao_Ferro_150,Trafaria,13.600000,0.024410,0.007450,150,Fernao_Ferro_150-Trafaria-150-193,221,204,195,214
Fernao_Ferro_150,Trafaria,13.600000,0.024410,0.007450,150,Fernao_Ferro_150-Trafaria-150-194,221,204,195,214
Fernao_Ferro_150,Trafaria,17.300000,0.023680,0.003790,150,Fernao_Ferro_150-Trafaria-150-195,296,273,260,285
Fernao_Ferro_150,Trafaria,17.300000,0.023680,0.003790,150,Fernao_Ferro_150-Trafaria-150-196,296,273,260,285
Fratel,Falagueira_150,7.800000,0.014700,0.004360,150,Fratel-Falagueira_150-150-197,195,195,189,195
Castelo_Branco_150,Falagueira_150_Castelo_Branco1_150_ramal,25.680000,0.045118,0.008708,150,Castelo_Branco_150-Falagueira_150_Castelo_Branco1_150_ramal-150-198,260,248,224,260
Falagueira_150,Castelo_Branco_150,46.500000,0.062150,0.005880,150,Falagueira_150-Castelo_Branco_150-150-199,520,248,224,260
Fafe,Riba_Dave_150,37.900000,0.067890,0.016580,150,Fafe-Riba_Dave_150-150-200,222,204,195,214
Fafe,Canicada_Fafe2_ramal,39.350000,0.043643,0.006021,150,Fafe-Canicada_Fafe2_ramal-150-201,260,260,260,260
Fafe,Canicada_Fafe_ramal,18.610000,0.033789,0.008021,150,Fafe-Canicada_Fafe_ramal-150-202,222,204,195,214
Canicada,Pedralva_150,15.400000,0.028290,0.007320,150,Canicada-Pedralva_150-150-203,222,204,195,214
Canicada,Pedralva_150,13.200000,0.023830,0.007290,150,Canicada-Pedralva_150-150-204,222,204,195,214
Canicada,Pedralva_150,13.200000,0.023830,0.007290,150,Canicada-Pedralva_150-150-205,222,204,195,214
Frades,Pedralva_150,32.200000,0.037500,0.003890,150,Frades-Pedralva_150-150-206,520,520,504,520
Oleiros,Pedralva_150,19.300000,0.034760,0.010650,150,Oleiros-Pedralva_150-150-207,222,204,195,214
Oleiros,Pedralva_150,19.300000,0.034880,0.010690,150,Oleiros-Pedralva_150-150-208,222,204,195,214
Oleiros,Pedralva_150,18.000000,0.026900,0.005040,150,Oleiros-Pedralva_150-150-209,260,260,260,260
Pedralva_150,Vila_Fria,41.700000,0.078040,0.021920,150,Pedralva_150-Vila_Fria-150-210,222,204,195,214
Oleiros,Vila_Fria,23.600000,0.041260,0.012950,150,Oleiros-Vila_Fria-150-211,153,123,104,139
Oleiros,Vila_Fria,23.600000,0.041110,0.012930,150,Oleiros-Vila_Fria-150-212,153,123,104,139
Riba_Dave_150,Oleiros,35.200000,0.064530,0.016380,150,Riba_Dave_150-Oleiros-150-213,153,123,104,139
Salamonde_150,Canicada,13.800000,0.024070,0.003580,150,Salamonde_150-Canicada-150-214,260,260,260,260
Vilarinho_das_Furnas,Canicada,7.300000,0.013700,0.004030,150,Vilarinho_das_Furnas-Canicada-150-215,153,123,104,139
Vila_Nova,Frades,3.000000,0.005260,0.000820,150,Vila_Nova-Frades-150-216,348,321,306,335
Vila_Nova,Salamonde_150,8.000000,0.014080,0.002090,150,Vila_Nova-Salamonde_150-150-217,322,291,274,307
Frades,Canicada,19.800000,0.027240,0.002600,150,Frades-Canicada-150-218,520,520,520,520
Central_de_Frades_150,Frades,0.900000,0.001610,0.000230,150,Central_de_Frades_150-Frades-150-219,348,321,306,335
Alto_Rabagao,Frades,15.300000,0.028750,0.008380,150,Alto_Rabagao-Frades-150-220,104,104,104,104
Tabuaco,Valdigem_150,19.000000,0.035860,0.008390,150,Tabuaco-Valdigem_150-150-221,130,123,104,130
Cabril,Bouca,10.500000,0.019800,0.005800,150,Cabril-Bouca-150-222,104,104,96,104
Bouca,Zezere_150,36.600000,0.069300,0.020200,150,Bouca-Zezere_150-150-223,104,104,96,104
Bouca,Zezere_150,36.700000,0.068720,0.020140,150,Bouca-Zezere_150-150-224,104,104,96,104
Bemposta_400,Lagoaca_400,29.400000,0.005760,0.000540,400,Bemposta_400-Lagoaca_400-400-225,1386,1386,1386,1386
Salamonde_400,Vieira_do_Minho,6.600000,0.001310,0.000120,400,Salamonde_400-Vieira_do_Minho-400-226,1786,1711,1631,1786
Panoias_400,Tavira_400,82.600000,0.015650,0.001520,400,Panoias_400-Tavira_400-400-227,1857,1711,1580,1786
Lagoaca_400,ALDEAVILA_400_ESP,4.700000,0.001270,0.000140,400,Lagoaca_400-ALDEAVILA_400_ESP-400-228,1706,1571,1469,1641
Foz_Tua,Armamar_400,39.800000,0.008180,0.000760,400,Foz_Tua-Armamar_400-400-229,1857,1711,1631,1786
Daivoes,Ribeira_de_Pena,6.000000,0.001240,0.000120,400,Daivoes-Ribeira_de_Pena-400-230,1857,1711,1631,1786
Central_de_Lares,Lavos,12.700000,0.002380,0.000230,400,Central_de_Lares-Lavos-400-231,528,528,528,528
Central_de_Lares,Lavos,9.900000,0.002030,0.000180,400,Central_de_Lares-Lavos-400-232,528,528,528,528
Central_de_Frades_400,Vieira_do_Minho,3.100000,0.000600,0.000060,400,Central_de_Frades_400-Vieira_do_Minho-400-233,1857,1711,1631,1786
Central_de_Frades_400,Vieira_do_Minho,3.100000,0.000640,0.000060,400,Central_de_Frades_400-Vieira_do_Minho-400-235,1857,1711,1631,1786
Ferreira_do_Alentejo_400,Panoias_400,44.100000,0.008300,0.000800,400,Ferreira_do_Alentejo_400-Panoias_400-400-236,1386,1386,1386,1386
Castelo_Branco_220,Castelo_Branco_220_Fundao_220_ramal,41.810000,0.034037,0.006581,220,Castelo_Branco_220-Castelo_Branco_220_Fundao_220_ramal-220-237,435,401,370,418
Alto_de_Mira_220,Alto_de_Mira_220_Carriche_ramal,0.520000,0.000428,0.000081,220,Alto_de_Mira_220-Alto_de_Mira_220_Carriche_ramal-220-238,381,381,381,381
Trajouce,Alto_de_Mira_220_Carriche_ramal,8.900000,0.007790,0.001440,220,Trajouce-Alto_de_Mira_220_Carriche_ramal-220-239,435,400,382,418
Armamar_220,Armamar_220_Valdigem_220_ramal,0.460000,0.000306,0.000028,220,Armamar_220-Armamar_220_Valdigem_220_ramal-220-240,762,762,750,762
Sao_Martinho,Armamar_220_Valdigem_220_ramal,3.600000,0.003050,0.000580,220,Sao_Martinho-Armamar_220_Valdigem_220_ramal-220-241,435,400,382,418
Ferro,Castelo_Branco_220_Ferro_ramal,13.390000,0.010946,0.002114,220,Ferro-Castelo_Branco_220_Ferro_ramal-220-242,381,381,380,381
Fatela,Castelo_Branco_220_Ferro_ramal,2.000000,0.001724,0.000333,220,Fatela-Castelo_Branco_220_Ferro_ramal-220-243,381,381,381,381
Fundao_220,Castelo_Branco_220_Fundao_220_ramal,8.700000,0.007083,0.001369,220,Fundao_220-Castelo_Branco_220_Fundao_220_ramal-220-244,435,401,370,418
Fatela,Castelo_Branco_220_Fundao_220_ramal,2.100000,0.001711,0.000331,220,Fatela-Castelo_Branco_220_Fundao_220_ramal-220-245,435,435,435,435
Chafariz,Chafariz_Ferro1_ramal,18.590000,0.014792,0.002512,220,Chafariz-Chafariz_Ferro1_ramal-220-246,381,381,381,381
Sobral,Chafariz_Ferro1_ramal,0.800000,0.000638,0.000108,220,Sobral-Chafariz_Ferro1_ramal-220-247,381,381,381,381
Chafariz,Chafariz_Ferro2_ramal,18.610000,0.014819,0.002516,220,Chafariz-Chafariz_Ferro2_ramal-220-248,381,381,381,381
Sobral,Chafariz_Ferro2_ramal,0.800000,0.000662,0.000112,220,Sobral-Chafariz_Ferro2_ramal-220-249,381,381,381,381
Vila_Cha,Chafariz_Vila_Cha1_ramal,11.930000,0.010613,0.001898,220,Vila_Cha-Chafariz_Vila_Cha1_ramal-220-250,381,381,381,381
Gouveia,Chafariz_Vila_Cha1_ramal,5.900000,0.005295,0.000947,220,Gouveia-Chafariz_Vila_Cha1_ramal-220-251,381,381,381,381
Vila_Cha,Chafariz_Vila_Cha2_ramal,11.950000,0.010458,0.001880,220,Vila_Cha-Chafariz_Vila_Cha2_ramal-220-252,381,381,381,381
Gouveia,Chafariz_Vila_Cha2_ramal,5.900000,0.005259,0.000946,220,Gouveia-Chafariz_Vila_Cha2_ramal-220-253,381,381,381,381
Alto_de_Mira_220,Fanhoes_220_Alto_de_Mira_220_ramal,7.070000,0.005835,0.001102,220,Alto_de_Mira_220-Fanhoes_220_Alto_de_Mira_220_ramal-220-254,435,400,382,418
Carriche,Fanhoes_220_Alto_de_Mira_220_ramal,2.600000,0.002240,0.000410,220,Carriche-Fanhoes_220_Alto_de_Mira_220_ramal-220-255,381,400,382,418
Pampilhosa_da_Serra,Pampilhosa_da_Serra_Tabua_ramal,14.400000,0.012307,0.002284,220,Pampilhosa_da_Serra-Pampilhosa_da_Serra_Tabua_ramal-220-256,402,364,342,383
Tabua,Pampilhosa_da_Serra_Tabua_ramal,12.020000,0.010273,0.001906,220,Tabua-Pampilhosa_da_Serra_Tabua_ramal-220-257,402,364,342,383
Folques,Pampilhosa_da_Serra_Tabua_ramal,0.100000,0.000070,0.000010,220,Folques-Pampilhosa_da_Serra_Tabua_ramal-220-258,435,400,382,418
Valdigem_220,Paraimo_220_Valdigem_220_ramal,7.230000,0.004690,0.000522,220,Valdigem_220-Paraimo_220_Valdigem_220_ramal-220-259,762,762,762,762
Armamar_220,Paraimo_220_Valdigem_220_ramal,2.200000,0.001420,0.000160,220,Armamar_220-Paraimo_220_Valdigem_220_ramal-220-260,762,762,762,762
Fundao_220,Penamacor_Fundao_220_ramal,27.140000,0.023266,0.004382,220,Fundao_220-Penamacor_Fundao_220_ramal-220-261,435,400,370,418
Penamacor,Penamacor_Fundao_220_ramal,0.110000,0.000094,0.000018,220,Penamacor-Penamacor_Fundao_220_ramal-220-262,435,400,370,418
Senhora_da_Povoa,Penamacor_Fundao_220_ramal,0.300000,0.000060,0.000010,220,Senhora_da_Povoa-Penamacor_Fundao_220_ramal-220-263,435,400,374,418
Pereiros,Pereiros_Rio_Maior2_220_ramal,35.380000,0.031582,0.005672,220,Pereiros-Pereiros_Rio_Maior2_220_ramal-220-264,435,400,382,418
Pombal,Pereiros_Rio_Maior2_220_ramal,3.600000,0.003110,0.000570,220,Pombal-Pereiros_Rio_Maior2_220_ramal-220-265,297,237,199,269
Pereiros,Pereiros_Tabua1_220_ramal,18.640000,0.016562,0.002979,220,Pereiros-Pereiros_Tabua1_220_ramal-220-266,435,400,382,418
Mortagua,Pereiros_Tabua1_220_ramal,18.200000,0.016277,0.002928,220,Mortagua-Pereiros_Tabua1_220_ramal-220-267,435,435,435,435
Recarei_220,Recarei_220_Canelas3_ramal,9.860000,0.005209,0.000390,220,Recarei_220-Recarei_220_Canelas3_ramal-220-268,1200,1200,1200,1200
Tapada_do_Outeiro,Recarei_220_Canelas3_ramal,0.800000,0.000430,0.000030,220,Tapada_do_Outeiro-Recarei_220_Canelas3_ramal-220-269,1416,1379,1204,1350
Custoias,Recarei_220_Custoias_ramal,13.400000,0.010858,0.002015,220,Custoias-Recarei_220_Custoias_ramal-220-270,381,381,381,381
Siderurgia_da_Maia,Recarei_220_Custoias_ramal,1.900000,0.001650,0.000320,220,Siderurgia_da_Maia-Recarei_220_Custoias_ramal-220-271,435,400,382,418
Aguieira,Aguieira_Pereiros_ramal,0.690000,0.000598,0.000110,220,Aguieira-Aguieira_Pereiros_ramal-220-272,297,237,169,269
Mortagua,Aguieira_Pereiros_ramal,7.700000,0.010392,0.001247,220,Mortagua-Aguieira_Pereiros_ramal-220-273,297,297,297,297
Vermoim_220,Recarei_220_Vermoim2_220_ramal,8.670000,0.005338,0.000506,220,Vermoim_220-Recarei_220_Vermoim2_220_ramal-220-274,762,762,762,762
Ermesinde,Recarei_220_Vermoim2_220_ramal,5.800000,0.002740,0.000650,220,Ermesinde-Recarei_220_Vermoim2_220_ramal-220-275,493,493,493,493
Tapada_do_Outeiro,Tapada_do_Outeiro_Canelas_ramal,9.090000,0.004821,0.000359,220,Tapada_do_Outeiro-Tapada_do_Outeiro_Canelas_ramal-220-276,1200,1200,1200,1200
Estarreja,Tapada_do_Outeiro_Canelas_ramal,31.700000,0.026860,0.005040,220,Estarreja-Tapada_do_Outeiro_Canelas_ramal-220-277,381,381,381,381
Vermoim_220,Valdigem_220_Vermoim_220_ramal,8.770000,0.005462,0.000522,220,Vermoim_220-Valdigem_220_Vermoim_220_ramal-220-278,381,381,381,381
Ermesinde,Valdigem_220_Vermoim_220_ramal,5.800000,0.002720,0.000640,220,Ermesinde-Valdigem_220_Vermoim_220_ramal-220-279,493,493,493,493
Canicada,Canicada_Fafe_ramal,14.800000,0.026871,0.006379,150,Canicada-Canicada_Fafe_ramal-150-280,222,204,195,214
Riba_Dave_150,Canicada_Fafe_ramal,17.000000,0.030550,0.005810,150,Riba_Dave_150-Canicada_Fafe_ramal-150-281,296,273,260,285
Canicada,Canicada_Fafe2_ramal,0.710000,0.000787,0.000109,150,Canicada-Canicada_Fafe2_ramal-150-282,260,260,260,260
Frades,Canicada_Fafe2_ramal,19.400000,0.033820,0.005040,150,Frades-Canicada_Fafe2_ramal-150-283,2322,260,260,260
Falagueira_150,Falagueira_150_Castelo_Branco1_150_ramal,16.490000,0.074090,0.005592,150,Falagueira_150-Falagueira_150_Castelo_Branco1_150_ramal-150-284,260,248,224,260
Rodao,Falagueira_150_Castelo_Branco1_150_ramal,3.400000,0.006026,0.001163,150,Rodao-Falagueira_150_Castelo_Branco1_150_ramal-150-285,203,203,203,203
Castelo_Branco_150,Falagueira_150_Castelo_Branco2_150_ramal,25.680000,0.045118,0.008708,150,Castelo_Branco_150-Falagueira_150_Castelo_Branco2_150_ramal-150-286,260,248,224,260
Falagueira_150,Falagueira_150_Castelo_Branco2_150_ramal,16.490000,0.074090,0.005592,150,Falagueira_150-Falagueira_150_Castelo_Branco2_150_ramal-150-287,260,248,224,260
Rodao,Falagueira_150_Castelo_Branco2_150_ramal,3.400000,0.006026,0.001163,150,Rodao-Falagueira_150_Castelo_Branco2_150_ramal-150-288,203,203,203,203
Palmela_150,Palmela_150_Evora_ramal,16.950000,0.031598,0.009291,150,Palmela_150-Palmela_150_Evora_ramal-150-289,222,204,185,214
Pegoes_150,Palmela_150_Evora_ramal,6.900000,0.012840,0.003820,150,Pegoes_150-Palmela_150_Evora_ramal-150-290,206,186,171,196
Fernao_Ferro_150,Palmela_150_Fernao_Ferro4_150_ramal,5.340000,0.009207,0.017938,150,Fernao_Ferro_150-Palmela_150_Fernao_Ferro4_150_ramal-150-291,260,260,255,260
Lusosider,Palmela_150_Fernao_Ferro4_150_ramal,4.500000,0.009070,0.001730,150,Lusosider-Palmela_150_Fernao_Ferro4_150_ramal-150-292,203,162,136,183
Palmela_150,Palmela_150_Monte_de_Pedra_ramal,18.050000,0.033119,0.009735,150,Palmela_150-Palmela_150_Monte_de_Pedra_ramal-150-293,222,204,191,214
Pegoes_150,Palmela_150_Monte_de_Pedra_ramal,8.500000,0.015730,0.004680,150,Pegoes_150-Palmela_150_Monte_de_Pedra_ramal-150-294,206,186,171,196
Terras_Altas_de_Fafe,Fafe,26.500000,0.040590,0.005490,150,Terras_Altas_de_Fafe-Fafe-150-295,296,273,260,285
Vicoso,Tavira_150,16.600000,0.030720,0.005690,150,Vicoso-Tavira_150-150-296,296,273,260,285
Saboia,Luzianes,8.500000,0.015153,0.004639,150,Saboia-Luzianes-150-297,222,222,222,222
Saboia,Luzianes,8.500000,0.015153,0.004639,150,Saboia-Luzianes-150-298,222,222,222,222
Porto_Alto,Quinta_Grande,35.000000,0.066452,0.019274,150,Porto_Alto-Quinta_Grande-150-299,222,222,222,222
Porto_Alto,Quinta_Grande,39.500000,0.074996,0.021752,150,Porto_Alto-Quinta_Grande-150-300,222,222,222,222
Nisa,Falagueira_150,5.900000,0.010820,0.002040,150,Nisa-Falagueira_150-150-301,195,195,195,195
Mendoiro,Pedralva_150,53.500000,0.101880,0.018690,150,Mendoiro-Pedralva_150-150-302,296,273,260,285
Mendoiro,Pedralva_150,53.500000,0.101880,0.018690,150,Mendoiro-Pedralva_150-150-303,296,273,260,285
Morgado_de_Arge,Portimao_150,0.200000,0.000340,0.000060,150,Morgado_de_Arge-Portimao_150-150-304,195,195,195,195
Gardunha,Castelo_Branco_150,31.900000,0.057220,0.010910,150,Gardunha-Castelo_Branco_150-150-305,260,260,253,260
Fernao_Ferro_150,Fogueteiro,4.600000,0.008156,0.001591,150,Fernao_Ferro_150-Fogueteiro-150-306,296,296,296,296
Fernao_Ferro_150,Fogueteiro,4.600000,0.008156,0.001591,150,Fernao_Ferro_150-Fogueteiro-150-307,296,296,296,296
Corgas,Falagueira_150,36.300000,0.065090,0.012400,150,Corgas-Falagueira_150-150-308,260,260,253,260
Vila_Fria,Vila_Fria_RFN,0.100000,0.000188,0.000055,150,Vila_Fria-Vila_Fria_RFN-150-309,260,260,260,260
Vila_Fria,Vila_Fria_RFN,0.100000,0.000188,0.000055,150,Vila_Fria-Vila_Fria_RFN-150-310,260,260,260,260
Alcoutim,Tavira_400,8.100000,0.001670,0.000160,400,Alcoutim-Tavira_400-400-311,1857,1711,1598,1786
Alto_Tamega,Gouvaes,5.500000,0.001040,0.000100,400,Alto_Tamega-Gouvaes-400-312,1857,1711,1631,1786
Alto_Tamega,Gouvaes,5.500000,0.001040,0.000100,400,Alto_Tamega-Gouvaes-400-313,1857,1711,1631,1786
Gouvaes,Ribeira_de_Pena,6.100000,0.001170,0.000110,400,Gouvaes-Ribeira_de_Pena-400-314,1857,1711,1631,1786
Gouvaes,Ribeira_de_Pena,6.000000,0.001140,0.000110,400,Gouvaes-Ribeira_de_Pena-400-315,1857,1711,1631,1786
Gouvaes,Ribeira_de_Pena,5.700000,0.001180,0.000110,400,Gouvaes-Ribeira_de_Pena-400-316,1857,1711,1631,1786
Central_do_Alqueva,Alqueva,1.200000,0.000250,0.000020,400,Central_do_Alqueva-Alqueva-400-317,1386,1386,1386,1386
Central_do_Alqueva,Alqueva,0.800000,0.000160,0.000020,400,Central_do_Alqueva-Alqueva-400-318,1386,1386,1386,1386
Central_Alto_Lindoso,Alto_Lindoso,0.400000,0.000090,0.000000,400,Central_Alto_Lindoso-Alto_Lindoso-400-319,350,350,350,350
Central_Alto_Lindoso,Alto_Lindoso,0.400000,0.000080,0.000000,400,Central_Alto_Lindoso-Alto_Lindoso-400-320,350,350,350,350
Central_do_Pego,Pego,0.200000,0.000040,0.000000,400,Central_do_Pego-Pego-400-321,304,340,340,340
Central_do_Pego,Pego,0.200000,0.000030,0.000000,400,Central_do_Pego-Pego-400-322,505,505,505,505
Central_do_Pego,Pego,0.200000,0.000040,0.000000,400,Central_do_Pego-Pego-400-323,505,505,505,505
Central_do_Ribatejo,Ribatejo,0.300000,0.000060,0.000010,400,Central_do_Ribatejo-Ribatejo-400-324,438,438,438,438
Central_do_Ribatejo,Ribatejo,0.200000,0.000050,0.000000,400,Central_do_Ribatejo-Ribatejo-400-325,438,438,438,438
Moimenta,Armamar_400,15.400000,0.003130,0.000290,400,Moimenta-Armamar_400-400-326,1386,1386,1386,1386
Santas,Estremoz,5.000000,0.001010,0.000090,400,Santas-Estremoz-400-327,277,277,277,277
Torre_Bela,Rio_Maior_400,19.700000,0.003397,0.000370,400,Torre_Bela-Rio_Maior_400-400-328,277,277,277,277
Vila_Nova_da_Rainha,Ribatejo,4.700000,0.000940,0.000090,400,Vila_Nova_da_Rainha-Ribatejo-400-329,277,277,277,277
Castelo_de_Bode,Zezere_220,0.700000,0.000600,0.000110,220,Castelo_de_Bode-Zezere_220-220-330,191,191,191,191
Castelo_de_Bode,Zezere_220,0.700000,0.000600,0.000110,220,Castelo_de_Bode-Zezere_220-220-331,191,191,191,191
Castelo_de_Bode,Zezere_220,0.800000,0.000600,0.000110,220,Castelo_de_Bode-Zezere_220-220-332,191,191,191,191
Central_do_Baixo_Sabor,Pocinho,19.600000,0.015620,0.002130,220,Central_do_Baixo_Sabor-Pocinho-220-333,511,471,439,491
Central_do_Picote,Picote,0.400000,0.000350,0.000060,220,Central_do_Picote-Picote-220-334,191,191,191,191
Central_do_Picote,Picote,0.400000,0.000350,0.000060,220,Central_do_Picote-Picote-220-335,191,191,191,191
Central_do_Picote,Picote,0.400000,0.000350,0.000060,220,Central_do_Picote-Picote-220-336,191,191,191,191
Central_do_Picote,Picote,0.200000,0.000340,0.000050,220,Central_do_Picote-Picote-220-337,381,381,381,381
Central_do_Carrapatelo,Carrapatelo,0.300000,0.000240,0.000040,220,Central_do_Carrapatelo-Carrapatelo-220-338,381,381,381,381
Central_do_Pocinho,Pocinho,1.000000,0.000910,0.000170,220,Central_do_Pocinho-Pocinho-220-339,297,237,182,269
Central_do_Torrao,Torrao,0.200000,0.000200,0.000040,220,Central_do_Torrao-Torrao-220-340,191,191,191,191
Central_do_Torrao,Torrao,0.300000,0.000240,0.000040,220,Central_do_Torrao-Torrao-220-341,191,191,191,191
Central_Fotovoltaica_Fundao,Fundao_220,0.500000,0.000410,0.000080,220,Central_Fotovoltaica_Fundao-Fundao_220-220-342,152,152,152,152
Escalabis,Santarem,8.800000,0.007460,0.001430,220,Escalabis-Santarem-220-343,435,401,374,418
Montenegrelo,Vila_Pouca_de_Aguiar,0.400000,0.000370,0.000070,220,Montenegrelo-Vila_Pouca_de_Aguiar-220-344,435,400,382,418
Nave_da_Mata,Ferro,23.400000,0.019870,0.003740,220,Nave_da_Mata-Ferro-220-345,76,76,76,76
Sincelo,Chafariz,8.500000,0.007210,0.001390,220,Sincelo-Chafariz-220-346,286,286,286,286
Vermoim_220,Sakthi,0.700000,0.000250,0.000060,220,Vermoim_220-Sakthi-220-347,240,240,240,240
